2023-05-01T17:37:08.323+09:00,user,KeyEvent,65535:17:2,untitled,Editor,C:/Users/user/CLionProjects/untitled/Array.cpp,,6,36,Changes
2023-05-01T17:37:08.456+09:00,user,KeyEvent,65535:18:10,untitled,Editor,C:/Users/user/CLionProjects/untitled/Array.cpp,,6,36,Changes
2023-05-01T17:37:08.519+09:00,user,KeyEvent,65535:16:11,untitled,Editor,C:/Users/user/CLionProjects/untitled/Array.cpp,,6,36,Changes
2023-05-01T17:37:08.636+09:00,user,Action,ActivityTracker-Popup,untitled,Editor,C:/Users/user/CLionProjects/untitled/Array.cpp,,6,36,Changes
2023-05-01T17:37:08.679+09:00,user,KeyEvent,65535:79:11,untitled,Editor,C:/Users/user/CLionProjects/untitled/Array.cpp,,6,36,Changes
2023-05-01T17:37:09.827+09:00,user,KeyEvent,65535:40:0,untitled,Popup,C:/Users/user/CLionProjects/untitled/Array.cpp,,6,36,Changes
2023-05-01T17:37:10.118+09:00,user,KeyEvent,65535:40:0,untitled,Popup,C:/Users/user/CLionProjects/untitled/Array.cpp,,6,36,Changes
2023-05-01T17:37:10.833+09:00,user,KeyEvent,65535:38:0,untitled,Popup,C:/Users/user/CLionProjects/untitled/Array.cpp,,6,36,Changes
2023-05-01T17:37:11.086+09:00,user,KeyEvent,10:10:0,untitled,Popup,C:/Users/user/CLionProjects/untitled/Array.cpp,,6,36,Changes
2023-05-01T17:37:11.425+09:00,user,KeyEvent,65535:38:0,untitled,Popup,C:/Users/user/CLionProjects/untitled/Array.cpp,,6,36,Changes
2023-05-01T17:37:11.969+09:00,user,Action,Clear Tracking Log,,,,,-1,-1,
2023-05-01T17:37:12.433+09:00,user,KeyEvent,10:10:0,untitled,Popup,C:/Users/user/CLionProjects/untitled/Array.cpp,,6,36,Changes
2023-05-01T17:37:12.435+09:00,user,KeyEvent,10:10:0,untitled,Popup,C:/Users/user/CLionProjects/untitled/Array.cpp,,6,36,Changes
2023-05-01T17:37:32.227+09:00,user,Action,EditorDown,untitled,Editor,C:/Users/user/CLionProjects/untitled/Array.cpp,,2,58,Changes
2023-05-01T17:37:32.232+09:00,user,KeyEvent,65535:40:0,untitled,Editor,C:/Users/user/CLionProjects/untitled/Array.cpp,,3,4,Changes
2023-05-01T17:38:55.971+09:00,user,Action,EditorTab,untitled,Editor,C:/Users/user/CLionProjects/untitled/Array.cpp,,3,0,Changes
2023-05-01T17:38:55.977+09:00,user,KeyEvent,9:9:0,untitled,Editor,C:/Users/user/CLionProjects/untitled/Array.cpp,,3,4,Changes
2023-05-01T17:38:58.446+09:00,user,KeyEvent,102:70:0,untitled,Editor,C:/Users/user/CLionProjects/untitled/Array.cpp,,3,4,Changes
2023-05-01T17:38:58.567+09:00,user,KeyEvent,111:79:0,untitled,Editor,C:/Users/user/CLionProjects/untitled/Array.cpp,,3,5,Changes
2023-05-01T17:38:58.626+09:00,user,KeyEvent,114:82:0,untitled,Editor,C:/Users/user/CLionProjects/untitled/Array.cpp,,3,6,Changes
2023-05-01T17:38:58.839+09:00,user,KeyEvent,65535:16:1,untitled,Editor,C:/Users/user/CLionProjects/untitled/Array.cpp,,3,7,Changes
2023-05-01T17:38:58.971+09:00,user,KeyEvent,40:57:1,untitled,Editor,C:/Users/user/CLionProjects/untitled/Array.cpp,,3,7,Changes
2023-05-01T17:39:00.825+09:00,user,KeyEvent,97:65:0,untitled,Editor,C:/Users/user/CLionProjects/untitled/Array.cpp,,3,8,Changes
2023-05-01T17:39:00.907+09:00,user,KeyEvent,117:85:0,untitled,Editor,C:/Users/user/CLionProjects/untitled/Array.cpp,,3,9,Changes
2023-05-01T17:39:01.000+09:00,user,KeyEvent,116:84:0,untitled,Editor,C:/Users/user/CLionProjects/untitled/Array.cpp,,3,10,Changes
2023-05-01T17:39:01.128+09:00,user,KeyEvent,111:79:0,untitled,Editor,C:/Users/user/CLionProjects/untitled/Array.cpp,,3,11,Changes
2023-05-01T17:39:01.270+09:00,user,KeyEvent,32:32:0,untitled,Editor,C:/Users/user/CLionProjects/untitled/Array.cpp,,3,12,Changes
2023-05-01T17:39:02.462+09:00,user,KeyEvent,105:73:0,untitled,Editor,C:/Users/user/CLionProjects/untitled/Array.cpp,,3,13,Changes
2023-05-01T17:39:04.081+09:00,user,KeyEvent,32:32:0,untitled,Editor,C:/Users/user/CLionProjects/untitled/Array.cpp,,3,14,Changes
2023-05-01T17:39:04.166+09:00,user,KeyEvent,65535:16:1,untitled,Editor,C:/Users/user/CLionProjects/untitled/Array.cpp,,3,15,Changes
2023-05-01T17:39:04.247+09:00,user,KeyEvent,58:59:1,untitled,Editor,C:/Users/user/CLionProjects/untitled/Array.cpp,,3,15,Changes
2023-05-01T17:39:04.483+09:00,user,KeyEvent,32:32:0,untitled,Editor,C:/Users/user/CLionProjects/untitled/Array.cpp,,3,16,Changes
2023-05-01T17:39:04.816+09:00,user,KeyEvent,97:65:0,untitled,Editor,C:/Users/user/CLionProjects/untitled/Array.cpp,,3,17,Changes
2023-05-01T17:39:04.945+09:00,user,KeyEvent,114:82:0,untitled,Editor,C:/Users/user/CLionProjects/untitled/Array.cpp,,3,18,Changes
2023-05-01T17:39:05.128+09:00,user,KeyEvent,103:71:0,untitled,Editor,C:/Users/user/CLionProjects/untitled/Array.cpp,,3,19,Changes
2023-05-01T17:39:05.304+09:00,user,KeyEvent,115:83:0,untitled,Editor,C:/Users/user/CLionProjects/untitled/Array.cpp,,3,20,Changes
2023-05-01T17:39:06.284+09:00,user,Action,EditorRight,untitled,Editor,C:/Users/user/CLionProjects/untitled/Array.cpp,,3,21,Changes
2023-05-01T17:39:06.288+09:00,user,KeyEvent,65535:39:0,untitled,Editor,C:/Users/user/CLionProjects/untitled/Array.cpp,,3,22,Changes
2023-05-01T17:39:06.994+09:00,user,KeyEvent,65535:16:1,untitled,Editor,C:/Users/user/CLionProjects/untitled/Array.cpp,,3,22,Changes
2023-05-01T17:39:07.470+09:00,user,KeyEvent,123:91:1,untitled,Editor,C:/Users/user/CLionProjects/untitled/Array.cpp,,3,22,Changes
2023-05-01T17:39:07.684+09:00,user,Action,EditorEnter,untitled,Editor,C:/Users/user/CLionProjects/untitled/Array.cpp,,3,23,Changes
2023-05-01T17:39:07.690+09:00,user,KeyEvent,10:10:0,untitled,Editor,C:/Users/user/CLionProjects/untitled/Array.cpp,,4,8,Changes
2023-05-01T17:39:12.352+09:00,user,KeyEvent,100:68:0,untitled,Editor,C:/Users/user/CLionProjects/untitled/Array.cpp,,4,8,Changes
2023-05-01T17:39:12.471+09:00,user,KeyEvent,97:65:0,untitled,Editor,C:/Users/user/CLionProjects/untitled/Array.cpp,,4,9,Changes
2023-05-01T17:39:12.588+09:00,user,KeyEvent,116:84:0,untitled,Editor,C:/Users/user/CLionProjects/untitled/Array.cpp,,4,10,Changes
2023-05-01T17:39:12.712+09:00,user,KeyEvent,97:65:0,untitled,Editor,C:/Users/user/CLionProjects/untitled/Array.cpp,,4,11,Changes
2023-05-01T17:39:15.029+09:00,user,KeyEvent,91:91:0,untitled,Editor,C:/Users/user/CLionProjects/untitled/Array.cpp,,4,12,Changes
2023-05-01T17:39:17.886+09:00,user,Action,EditorRight,untitled,Editor,C:/Users/user/CLionProjects/untitled/Array.cpp,,3,14,Changes
2023-05-01T17:39:17.892+09:00,user,KeyEvent,65535:39:0,untitled,Editor,C:/Users/user/CLionProjects/untitled/Array.cpp,,3,14,Changes
2023-05-01T17:39:18.383+09:00,user,Action,EditorRight,untitled,Editor,C:/Users/user/CLionProjects/untitled/Array.cpp,,3,14,Changes
2023-05-01T17:39:18.386+09:00,user,KeyEvent,65535:39:0,untitled,Editor,C:/Users/user/CLionProjects/untitled/Array.cpp,,3,15,Changes
2023-05-01T17:39:18.407+09:00,user,Action,EditorRight,untitled,Editor,C:/Users/user/CLionProjects/untitled/Array.cpp,,3,15,Changes
2023-05-01T17:39:18.409+09:00,user,KeyEvent,65535:39:0,untitled,Editor,C:/Users/user/CLionProjects/untitled/Array.cpp,,3,16,Changes
2023-05-01T17:39:18.438+09:00,user,Action,EditorRight,untitled,Editor,C:/Users/user/CLionProjects/untitled/Array.cpp,,3,16,Changes
2023-05-01T17:39:18.439+09:00,user,KeyEvent,65535:39:0,untitled,Editor,C:/Users/user/CLionProjects/untitled/Array.cpp,,3,17,Changes
2023-05-01T17:39:18.469+09:00,user,Action,EditorRight,untitled,Editor,C:/Users/user/CLionProjects/untitled/Array.cpp,,3,17,Changes
2023-05-01T17:39:18.471+09:00,user,KeyEvent,65535:39:0,untitled,Editor,C:/Users/user/CLionProjects/untitled/Array.cpp,,3,18,Changes
2023-05-01T17:39:18.500+09:00,user,Action,EditorRight,untitled,Editor,C:/Users/user/CLionProjects/untitled/Array.cpp,,3,18,Changes
2023-05-01T17:39:18.503+09:00,user,KeyEvent,65535:39:0,untitled,Editor,C:/Users/user/CLionProjects/untitled/Array.cpp,,3,19,Changes
2023-05-01T17:39:18.527+09:00,user,Action,EditorRight,untitled,Editor,C:/Users/user/CLionProjects/untitled/Array.cpp,,3,19,Changes
2023-05-01T17:39:18.528+09:00,user,KeyEvent,65535:39:0,untitled,Editor,C:/Users/user/CLionProjects/untitled/Array.cpp,,3,20,Changes
2023-05-01T17:39:18.979+09:00,user,Action,EditorRight,untitled,Editor,C:/Users/user/CLionProjects/untitled/Array.cpp,,3,20,Changes
2023-05-01T17:39:18.983+09:00,user,KeyEvent,65535:39:0,untitled,Editor,C:/Users/user/CLionProjects/untitled/Array.cpp,,3,21,Changes
2023-05-01T17:39:19.680+09:00,user,Action,EditorBackSpace,untitled,Editor,C:/Users/user/CLionProjects/untitled/Array.cpp,,3,21,Changes
2023-05-01T17:39:19.689+09:00,user,KeyEvent,8:8:0,untitled,Editor,C:/Users/user/CLionProjects/untitled/Array.cpp,,3,20,Changes
2023-05-01T17:39:20.175+09:00,user,Action,EditorBackSpace,untitled,Editor,C:/Users/user/CLionProjects/untitled/Array.cpp,,3,20,Changes
2023-05-01T17:39:20.177+09:00,user,KeyEvent,8:8:0,untitled,Editor,C:/Users/user/CLionProjects/untitled/Array.cpp,,3,19,Changes
2023-05-01T17:39:20.208+09:00,user,Action,EditorBackSpace,untitled,Editor,C:/Users/user/CLionProjects/untitled/Array.cpp,,3,19,Changes
2023-05-01T17:39:20.214+09:00,user,KeyEvent,8:8:0,untitled,Editor,C:/Users/user/CLionProjects/untitled/Array.cpp,,3,18,Changes
2023-05-01T17:39:20.236+09:00,user,Action,EditorBackSpace,untitled,Editor,C:/Users/user/CLionProjects/untitled/Array.cpp,,3,18,Changes
2023-05-01T17:39:20.238+09:00,user,KeyEvent,8:8:0,untitled,Editor,C:/Users/user/CLionProjects/untitled/Array.cpp,,3,17,Changes
2023-05-01T17:39:20.266+09:00,user,Action,EditorBackSpace,untitled,Editor,C:/Users/user/CLionProjects/untitled/Array.cpp,,3,17,Changes
2023-05-01T17:39:20.268+09:00,user,KeyEvent,8:8:0,untitled,Editor,C:/Users/user/CLionProjects/untitled/Array.cpp,,3,16,Changes
2023-05-01T17:39:20.295+09:00,user,Action,EditorBackSpace,untitled,Editor,C:/Users/user/CLionProjects/untitled/Array.cpp,,3,16,Changes
2023-05-01T17:39:20.297+09:00,user,KeyEvent,8:8:0,untitled,Editor,C:/Users/user/CLionProjects/untitled/Array.cpp,,3,15,Changes
2023-05-01T17:39:20.325+09:00,user,Action,EditorBackSpace,untitled,Editor,C:/Users/user/CLionProjects/untitled/Array.cpp,,3,15,Changes
2023-05-01T17:39:20.327+09:00,user,KeyEvent,8:8:0,untitled,Editor,C:/Users/user/CLionProjects/untitled/Array.cpp,,3,14,Changes
2023-05-01T17:39:20.356+09:00,user,Action,EditorBackSpace,untitled,Editor,C:/Users/user/CLionProjects/untitled/Array.cpp,,3,14,Changes
2023-05-01T17:39:20.357+09:00,user,KeyEvent,8:8:0,untitled,Editor,C:/Users/user/CLionProjects/untitled/Array.cpp,,3,14,Changes
2023-05-01T17:39:20.386+09:00,user,Action,EditorBackSpace,untitled,Editor,C:/Users/user/CLionProjects/untitled/Array.cpp,,3,14,Changes
2023-05-01T17:39:20.388+09:00,user,KeyEvent,8:8:0,untitled,Editor,C:/Users/user/CLionProjects/untitled/Array.cpp,,3,13,Changes
2023-05-01T17:39:20.415+09:00,user,Action,EditorBackSpace,untitled,Editor,C:/Users/user/CLionProjects/untitled/Array.cpp,,3,13,Changes
2023-05-01T17:39:20.417+09:00,user,KeyEvent,8:8:0,untitled,Editor,C:/Users/user/CLionProjects/untitled/Array.cpp,,3,12,Changes
2023-05-01T17:39:20.445+09:00,user,Action,EditorBackSpace,untitled,Editor,C:/Users/user/CLionProjects/untitled/Array.cpp,,3,12,Changes
2023-05-01T17:39:20.447+09:00,user,KeyEvent,8:8:0,untitled,Editor,C:/Users/user/CLionProjects/untitled/Array.cpp,,3,11,Changes
2023-05-01T17:39:20.606+09:00,user,Action,EditorBackSpace,untitled,Editor,C:/Users/user/CLionProjects/untitled/Array.cpp,,3,11,Changes
2023-05-01T17:39:20.608+09:00,user,KeyEvent,8:8:0,untitled,Editor,C:/Users/user/CLionProjects/untitled/Array.cpp,,3,10,Changes
2023-05-01T17:39:20.800+09:00,user,Action,EditorBackSpace,untitled,Editor,C:/Users/user/CLionProjects/untitled/Array.cpp,,3,10,Changes
2023-05-01T17:39:20.805+09:00,user,KeyEvent,8:8:0,untitled,Editor,C:/Users/user/CLionProjects/untitled/Array.cpp,,3,9,Changes
2023-05-01T17:39:21.677+09:00,user,Action,EditorBackSpace,untitled,Editor,C:/Users/user/CLionProjects/untitled/Array.cpp,,3,9,Changes
2023-05-01T17:39:21.680+09:00,user,KeyEvent,8:8:0,untitled,Editor,C:/Users/user/CLionProjects/untitled/Array.cpp,,3,8,Changes
2023-05-01T17:39:22.090+09:00,user,KeyEvent,105:73:0,untitled,Editor,C:/Users/user/CLionProjects/untitled/Array.cpp,,3,8,Changes
2023-05-01T17:39:22.213+09:00,user,KeyEvent,110:78:0,untitled,Editor,C:/Users/user/CLionProjects/untitled/Array.cpp,,3,9,Changes
2023-05-01T17:39:22.332+09:00,user,KeyEvent,116:84:0,untitled,Editor,C:/Users/user/CLionProjects/untitled/Array.cpp,,3,10,Changes
2023-05-01T17:39:22.646+09:00,user,KeyEvent,32:32:0,untitled,Editor,C:/Users/user/CLionProjects/untitled/Array.cpp,,3,11,Changes
2023-05-01T17:39:22.873+09:00,user,KeyEvent,105:73:0,untitled,Editor,C:/Users/user/CLionProjects/untitled/Array.cpp,,3,12,Changes
2023-05-01T17:39:23.370+09:00,user,KeyEvent,61:61:0,untitled,Editor,C:/Users/user/CLionProjects/untitled/Array.cpp,,3,13,Changes
2023-05-01T17:39:23.545+09:00,user,KeyEvent,48:48:0,untitled,Editor,C:/Users/user/CLionProjects/untitled/Array.cpp,,3,14,Changes
2023-05-01T17:39:23.800+09:00,user,KeyEvent,59:59:0,untitled,Editor,C:/Users/user/CLionProjects/untitled/Array.cpp,,3,15,Changes
2023-05-01T17:39:23.978+09:00,user,KeyEvent,32:32:0,untitled,Editor,C:/Users/user/CLionProjects/untitled/Array.cpp,,3,16,Changes
2023-05-01T17:39:24.299+09:00,user,KeyEvent,105:73:0,untitled,Editor,C:/Users/user/CLionProjects/untitled/Array.cpp,,3,17,Changes
2023-05-01T17:39:24.674+09:00,user,KeyEvent,65535:16:1,untitled,Editor,C:/Users/user/CLionProjects/untitled/Array.cpp,,3,18,Changes
2023-05-01T17:39:24.803+09:00,user,KeyEvent,60:44:1,untitled,Editor,C:/Users/user/CLionProjects/untitled/Array.cpp,,3,18,Changes
2023-05-01T17:39:26.064+09:00,user,KeyEvent,115:83:0,untitled,Editor,C:/Users/user/CLionProjects/untitled/Array.cpp,,3,19,Changes
2023-05-01T17:39:26.163+09:00,user,KeyEvent,105:73:0,untitled,Editor,C:/Users/user/CLionProjects/untitled/Array.cpp,,3,20,Changes
2023-05-01T17:39:26.218+09:00,user,KeyEvent,122:90:0,untitled,Editor,C:/Users/user/CLionProjects/untitled/Array.cpp,,3,21,Changes
2023-05-01T17:39:26.380+09:00,user,KeyEvent,101:69:0,untitled,Editor,C:/Users/user/CLionProjects/untitled/Array.cpp,,3,22,Changes
2023-05-01T17:39:27.204+09:00,user,KeyEvent,59:59:0,untitled,Editor,C:/Users/user/CLionProjects/untitled/Array.cpp,,3,23,Changes
2023-05-01T17:39:27.354+09:00,user,KeyEvent,32:32:0,untitled,Editor,C:/Users/user/CLionProjects/untitled/Array.cpp,,3,24,Changes
2023-05-01T17:39:27.667+09:00,user,KeyEvent,105:73:0,untitled,Editor,C:/Users/user/CLionProjects/untitled/Array.cpp,,3,25,Changes
2023-05-01T17:39:27.824+09:00,user,KeyEvent,65535:16:1,untitled,Editor,C:/Users/user/CLionProjects/untitled/Array.cpp,,3,26,Changes
2023-05-01T17:39:28.030+09:00,user,KeyEvent,43:61:1,untitled,Editor,C:/Users/user/CLionProjects/untitled/Array.cpp,,3,26,Changes
2023-05-01T17:39:28.158+09:00,user,KeyEvent,43:61:1,untitled,Editor,C:/Users/user/CLionProjects/untitled/Array.cpp,,3,27,Changes
2023-05-01T17:39:28.833+09:00,user,Action,EditorDown,untitled,Editor,C:/Users/user/CLionProjects/untitled/Array.cpp,,3,28,Changes
2023-05-01T17:39:28.837+09:00,user,KeyEvent,65535:40:0,untitled,Editor,C:/Users/user/CLionProjects/untitled/Array.cpp,,4,14,Changes
2023-05-01T17:39:29.225+09:00,user,Action,EditorLeft,untitled,Editor,C:/Users/user/CLionProjects/untitled/Array.cpp,,4,14,Changes
2023-05-01T17:39:29.229+09:00,user,KeyEvent,65535:37:0,untitled,Editor,C:/Users/user/CLionProjects/untitled/Array.cpp,,4,13,Changes
2023-05-01T17:39:29.833+09:00,user,KeyEvent,105:73:0,untitled,Editor,C:/Users/user/CLionProjects/untitled/Array.cpp,,4,13,Changes
2023-05-01T17:39:30.046+09:00,user,Action,EditorRight,untitled,Editor,C:/Users/user/CLionProjects/untitled/Array.cpp,,4,14,Changes
2023-05-01T17:39:30.051+09:00,user,KeyEvent,65535:39:0,untitled,Editor,C:/Users/user/CLionProjects/untitled/Array.cpp,,4,15,Changes
2023-05-01T17:39:31.260+09:00,user,KeyEvent,32:32:0,untitled,Editor,C:/Users/user/CLionProjects/untitled/Array.cpp,,4,15,Changes
2023-05-01T17:39:31.359+09:00,user,KeyEvent,61:61:0,untitled,Editor,C:/Users/user/CLionProjects/untitled/Array.cpp,,4,16,Changes
2023-05-01T17:39:31.437+09:00,user,KeyEvent,32:32:0,untitled,Editor,C:/Users/user/CLionProjects/untitled/Array.cpp,,4,17,Changes
2023-05-01T17:39:32.968+09:00,user,KeyEvent,97:65:0,untitled,Editor,C:/Users/user/CLionProjects/untitled/Array.cpp,,4,18,Changes
2023-05-01T17:39:33.122+09:00,user,KeyEvent,114:82:0,untitled,Editor,C:/Users/user/CLionProjects/untitled/Array.cpp,,4,19,Changes
2023-05-01T17:39:33.306+09:00,user,KeyEvent,103:71:0,untitled,Editor,C:/Users/user/CLionProjects/untitled/Array.cpp,,4,20,Changes
2023-05-01T17:39:33.469+09:00,user,KeyEvent,115:83:0,untitled,Editor,C:/Users/user/CLionProjects/untitled/Array.cpp,,4,21,Changes
2023-05-01T17:39:33.942+09:00,user,KeyEvent,91:91:0,untitled,Editor,C:/Users/user/CLionProjects/untitled/Array.cpp,,4,22,Changes
2023-05-01T17:39:34.174+09:00,user,KeyEvent,105:73:0,untitled,Editor,C:/Users/user/CLionProjects/untitled/Array.cpp,,4,23,Changes
2023-05-01T17:39:34.596+09:00,user,Action,EditorRight,untitled,Editor,C:/Users/user/CLionProjects/untitled/Array.cpp,,4,24,Changes
2023-05-01T17:39:34.609+09:00,user,KeyEvent,65535:39:0,untitled,Editor,C:/Users/user/CLionProjects/untitled/Array.cpp,,4,25,Changes
2023-05-01T17:39:35.116+09:00,user,KeyEvent,59:59:0,untitled,Editor,C:/Users/user/CLionProjects/untitled/Array.cpp,,4,25,Changes
2023-05-01T17:40:11.610+09:00,user,Action,EditorDown,untitled,Editor,C:/Users/user/CLionProjects/untitled/Array.cpp,,4,26,Changes
2023-05-01T17:40:11.612+09:00,user,KeyEvent,65535:40:0,untitled,Editor,C:/Users/user/CLionProjects/untitled/Array.cpp,,5,5,Changes
2023-05-01T17:40:12.394+09:00,user,KeyEvent,65535:17:2,untitled,Editor,C:/Users/user/CLionProjects/untitled/Array.cpp,,5,5,Changes
2023-05-01T17:40:12.502+09:00,user,KeyEvent,65535:16:3,untitled,Editor,C:/Users/user/CLionProjects/untitled/Array.cpp,,5,5,Changes
2023-05-01T17:40:12.633+09:00,user,Action,MoveStatementUp,untitled,Editor,C:/Users/user/CLionProjects/untitled/Array.cpp,,5,5,Changes
2023-05-01T17:40:12.660+09:00,user,KeyEvent,65535:38:3,untitled,Editor,C:/Users/user/CLionProjects/untitled/Array.cpp,,5,5,Changes
2023-05-01T17:40:12.841+09:00,user,Action,MoveStatementUp,untitled,Editor,C:/Users/user/CLionProjects/untitled/Array.cpp,,5,5,Changes
2023-05-01T17:40:12.845+09:00,user,KeyEvent,65535:38:3,untitled,Editor,C:/Users/user/CLionProjects/untitled/Array.cpp,,5,5,Changes
2023-05-01T17:40:13.054+09:00,user,Action,MoveStatementUp,untitled,Editor,C:/Users/user/CLionProjects/untitled/Array.cpp,,5,5,Changes
2023-05-01T17:40:13.058+09:00,user,KeyEvent,65535:38:3,untitled,Editor,C:/Users/user/CLionProjects/untitled/Array.cpp,,5,5,Changes
2023-05-01T17:40:13.764+09:00,user,KeyEvent,65535:16:1,untitled,Editor,C:/Users/user/CLionProjects/untitled/Array.cpp,,5,5,Changes
2023-05-01T17:40:13.976+09:00,user,Action,EditorLeftWithSelection,untitled,Editor,C:/Users/user/CLionProjects/untitled/Array.cpp,,5,5,Changes
2023-05-01T17:40:13.978+09:00,user,KeyEvent,65535:37:1,untitled,Editor,C:/Users/user/CLionProjects/untitled/Array.cpp,,5,4,Changes
2023-05-01T17:40:14.256+09:00,user,Action,EditorUpWithSelection,untitled,Editor,C:/Users/user/CLionProjects/untitled/Array.cpp,,5,4,Changes
2023-05-01T17:40:14.258+09:00,user,KeyEvent,65535:38:1,untitled,Editor,C:/Users/user/CLionProjects/untitled/Array.cpp,,4,4,Changes
2023-05-01T17:40:14.437+09:00,user,Action,EditorUpWithSelection,untitled,Editor,C:/Users/user/CLionProjects/untitled/Array.cpp,,4,4,Changes
2023-05-01T17:40:14.440+09:00,user,KeyEvent,65535:38:1,untitled,Editor,C:/Users/user/CLionProjects/untitled/Array.cpp,,3,4,Changes
2023-05-01T17:40:15.095+09:00,user,KeyEvent,65535:17:2,untitled,Editor,C:/Users/user/CLionProjects/untitled/Array.cpp,,3,4,Changes
2023-05-01T17:40:15.202+09:00,user,Action,CommentByLineComment,untitled,Editor,C:/Users/user/CLionProjects/untitled/Array.cpp,,3,4,Changes
2023-05-01T17:40:15.219+09:00,user,KeyEvent,47:47:2,untitled,Editor,C:/Users/user/CLionProjects/untitled/Array.cpp,,3,6,Changes
2023-05-01T17:40:15.498+09:00,user,Action,EditorDown,untitled,Editor,C:/Users/user/CLionProjects/untitled/Array.cpp,,3,6,Changes
2023-05-01T17:40:15.502+09:00,user,KeyEvent,65535:40:0,untitled,Editor,C:/Users/user/CLionProjects/untitled/Array.cpp,,6,1,Changes
2023-05-01T17:40:15.836+09:00,user,Action,EditorRight,untitled,Editor,C:/Users/user/CLionProjects/untitled/Array.cpp,,6,1,Changes
2023-05-01T17:40:15.837+09:00,user,KeyEvent,65535:39:0,untitled,Editor,C:/Users/user/CLionProjects/untitled/Array.cpp,,7,0,Changes
2023-05-01T17:40:16.022+09:00,user,Action,EditorUp,untitled,Editor,C:/Users/user/CLionProjects/untitled/Array.cpp,,7,0,Changes
2023-05-01T17:40:16.023+09:00,user,KeyEvent,65535:38:0,untitled,Editor,C:/Users/user/CLionProjects/untitled/Array.cpp,,6,0,Changes
2023-05-01T17:40:16.265+09:00,user,Action,EditorUp,untitled,Editor,C:/Users/user/CLionProjects/untitled/Array.cpp,,6,0,Changes
2023-05-01T17:40:16.268+09:00,user,KeyEvent,65535:38:0,untitled,Editor,C:/Users/user/CLionProjects/untitled/Array.cpp,,5,0,Changes
2023-05-01T17:40:16.452+09:00,user,Action,EditorRight,untitled,Editor,C:/Users/user/CLionProjects/untitled/Array.cpp,,5,0,Changes
2023-05-01T17:40:16.455+09:00,user,KeyEvent,65535:39:0,untitled,Editor,C:/Users/user/CLionProjects/untitled/Array.cpp,,5,1,Changes
2023-05-01T17:40:16.627+09:00,user,Action,EditorRight,untitled,Editor,C:/Users/user/CLionProjects/untitled/Array.cpp,,5,1,Changes
2023-05-01T17:40:16.629+09:00,user,KeyEvent,65535:39:0,untitled,Editor,C:/Users/user/CLionProjects/untitled/Array.cpp,,5,2,Changes
2023-05-01T17:40:16.762+09:00,user,Action,EditorRight,untitled,Editor,C:/Users/user/CLionProjects/untitled/Array.cpp,,5,2,Changes
2023-05-01T17:40:16.766+09:00,user,KeyEvent,65535:39:0,untitled,Editor,C:/Users/user/CLionProjects/untitled/Array.cpp,,5,3,Changes
2023-05-01T17:40:16.909+09:00,user,Action,EditorRight,untitled,Editor,C:/Users/user/CLionProjects/untitled/Array.cpp,,5,3,Changes
2023-05-01T17:40:16.912+09:00,user,KeyEvent,65535:39:0,untitled,Editor,C:/Users/user/CLionProjects/untitled/Array.cpp,,5,4,Changes
2023-05-01T17:40:17.058+09:00,user,Action,EditorRight,untitled,Editor,C:/Users/user/CLionProjects/untitled/Array.cpp,,5,4,Changes
2023-05-01T17:40:17.061+09:00,user,KeyEvent,65535:39:0,untitled,Editor,C:/Users/user/CLionProjects/untitled/Array.cpp,,5,5,Changes
2023-05-01T17:40:17.201+09:00,user,Action,EditorRight,untitled,Editor,C:/Users/user/CLionProjects/untitled/Array.cpp,,5,5,Changes
2023-05-01T17:40:17.204+09:00,user,KeyEvent,65535:39:0,untitled,Editor,C:/Users/user/CLionProjects/untitled/Array.cpp,,5,6,Changes
2023-05-01T17:40:17.354+09:00,user,Action,EditorRight,untitled,Editor,C:/Users/user/CLionProjects/untitled/Array.cpp,,5,6,Changes
2023-05-01T17:40:17.356+09:00,user,KeyEvent,65535:39:0,untitled,Editor,C:/Users/user/CLionProjects/untitled/Array.cpp,,5,7,Changes
2023-05-01T17:40:17.745+09:00,user,Action,EditorEnter,untitled,Editor,C:/Users/user/CLionProjects/untitled/Array.cpp,,5,7,Changes
2023-05-01T17:40:17.751+09:00,user,KeyEvent,10:10:0,untitled,Editor,C:/Users/user/CLionProjects/untitled/Array.cpp,,6,0,Changes
2023-05-01T17:40:18.057+09:00,user,KeyEvent,100:68:0,untitled,Editor,C:/Users/user/CLionProjects/untitled/Array.cpp,,6,0,Changes
2023-05-01T17:40:18.564+09:00,user,Action,EditorBackSpace,untitled,Editor,C:/Users/user/CLionProjects/untitled/Array.cpp,,6,1,Changes
2023-05-01T17:40:18.575+09:00,user,KeyEvent,8:8:0,untitled,Editor,C:/Users/user/CLionProjects/untitled/Array.cpp,,6,0,Changes
2023-05-01T17:40:18.733+09:00,user,Action,EditorTab,untitled,Editor,C:/Users/user/CLionProjects/untitled/Array.cpp,,6,0,Changes
2023-05-01T17:40:18.740+09:00,user,KeyEvent,9:9:0,untitled,Editor,C:/Users/user/CLionProjects/untitled/Array.cpp,,6,4,Changes
2023-05-01T17:40:19.075+09:00,user,KeyEvent,100:68:0,untitled,Editor,C:/Users/user/CLionProjects/untitled/Array.cpp,,6,4,Changes
2023-05-01T17:40:19.184+09:00,user,KeyEvent,97:65:0,untitled,Editor,C:/Users/user/CLionProjects/untitled/Array.cpp,,6,5,Changes
2023-05-01T17:40:19.333+09:00,user,KeyEvent,116:84:0,untitled,Editor,C:/Users/user/CLionProjects/untitled/Array.cpp,,6,6,Changes
2023-05-01T17:40:19.451+09:00,user,KeyEvent,97:65:0,untitled,Editor,C:/Users/user/CLionProjects/untitled/Array.cpp,,6,7,Changes
2023-05-01T17:40:19.887+09:00,user,KeyEvent,32:32:0,untitled,Editor,C:/Users/user/CLionProjects/untitled/Array.cpp,,6,8,Changes
2023-05-01T17:40:19.994+09:00,user,KeyEvent,61:61:0,untitled,Editor,C:/Users/user/CLionProjects/untitled/Array.cpp,,6,9,Changes
2023-05-01T17:40:20.067+09:00,user,KeyEvent,32:32:0,untitled,Editor,C:/Users/user/CLionProjects/untitled/Array.cpp,,6,10,Changes
2023-05-01T17:40:20.443+09:00,user,KeyEvent,65535:16:1,untitled,Editor,C:/Users/user/CLionProjects/untitled/Array.cpp,,6,11,Changes
2023-05-01T17:40:20.557+09:00,user,KeyEvent,40:57:1,untitled,Editor,C:/Users/user/CLionProjects/untitled/Array.cpp,,6,11,Changes
2023-05-01T17:40:21.349+09:00,user,KeyEvent,97:65:0,untitled,Editor,C:/Users/user/CLionProjects/untitled/Array.cpp,,6,12,Changes
2023-05-01T17:40:21.474+09:00,user,KeyEvent,114:82:0,untitled,Editor,C:/Users/user/CLionProjects/untitled/Array.cpp,,6,13,Changes
2023-05-01T17:40:21.652+09:00,user,KeyEvent,103:71:0,untitled,Editor,C:/Users/user/CLionProjects/untitled/Array.cpp,,6,14,Changes
2023-05-01T17:40:21.801+09:00,user,KeyEvent,115:83:0,untitled,Editor,C:/Users/user/CLionProjects/untitled/Array.cpp,,6,15,Changes
2023-05-01T17:40:22.062+09:00,user,KeyEvent,46:46:0,untitled,Editor,C:/Users/user/CLionProjects/untitled/Array.cpp,,6,16,Changes
2023-05-01T17:40:22.390+09:00,user,KeyEvent,98:66:0,untitled,Editor,C:/Users/user/CLionProjects/untitled/Array.cpp,,6,17,Changes
2023-05-01T17:40:22.546+09:00,user,KeyEvent,101:69:0,untitled,Editor,C:/Users/user/CLionProjects/untitled/Array.cpp,,6,18,Changes
2023-05-01T17:40:22.677+09:00,user,KeyEvent,103:71:0,untitled,Editor,C:/Users/user/CLionProjects/untitled/Array.cpp,,6,19,Changes
2023-05-01T17:40:22.847+09:00,user,KeyEvent,105:73:0,untitled,Editor,C:/Users/user/CLionProjects/untitled/Array.cpp,,6,20,Changes
2023-05-01T17:40:22.874+09:00,user,KeyEvent,110:78:0,untitled,Editor,C:/Users/user/CLionProjects/untitled/Array.cpp,,6,21,Changes
2023-05-01T17:40:23.364+09:00,user,KeyEvent,65535:16:1,untitled,Editor,C:/Users/user/CLionProjects/untitled/Array.cpp,,6,22,Changes
2023-05-01T17:40:23.488+09:00,user,KeyEvent,40:57:1,untitled,Editor,C:/Users/user/CLionProjects/untitled/Array.cpp,,6,22,Changes
2023-05-01T17:40:23.787+09:00,user,Action,EditorRight,untitled,Editor,C:/Users/user/CLionProjects/untitled/Array.cpp,,6,23,Changes
2023-05-01T17:40:23.791+09:00,user,KeyEvent,65535:39:0,untitled,Editor,C:/Users/user/CLionProjects/untitled/Array.cpp,,6,24,Changes
2023-05-01T17:40:25.125+09:00,user,KeyEvent,44:44:0,untitled,Editor,C:/Users/user/CLionProjects/untitled/Array.cpp,,6,24,Changes
2023-05-01T17:40:25.314+09:00,user,KeyEvent,32:32:0,untitled,Editor,C:/Users/user/CLionProjects/untitled/Array.cpp,,6,25,Changes
2023-05-01T17:40:25.478+09:00,user,KeyEvent,97:65:0,untitled,Editor,C:/Users/user/CLionProjects/untitled/Array.cpp,,6,26,Changes
2023-05-01T17:40:25.618+09:00,user,KeyEvent,114:82:0,untitled,Editor,C:/Users/user/CLionProjects/untitled/Array.cpp,,6,27,Changes
2023-05-01T17:40:25.929+09:00,user,KeyEvent,103:71:0,untitled,Editor,C:/Users/user/CLionProjects/untitled/Array.cpp,,6,28,Changes
2023-05-01T17:40:26.117+09:00,user,KeyEvent,115:83:0,untitled,Editor,C:/Users/user/CLionProjects/untitled/Array.cpp,,6,29,Changes
2023-05-01T17:40:26.816+09:00,user,KeyEvent,46:46:0,untitled,Editor,C:/Users/user/CLionProjects/untitled/Array.cpp,,6,30,Changes
2023-05-01T17:40:26.993+09:00,user,KeyEvent,101:69:0,untitled,Editor,C:/Users/user/CLionProjects/untitled/Array.cpp,,6,31,Changes
2023-05-01T17:40:27.101+09:00,user,KeyEvent,110:78:0,untitled,Editor,C:/Users/user/CLionProjects/untitled/Array.cpp,,6,32,Changes
2023-05-01T17:40:27.188+09:00,user,KeyEvent,100:68:0,untitled,Editor,C:/Users/user/CLionProjects/untitled/Array.cpp,,6,33,Changes
2023-05-01T17:40:27.439+09:00,user,KeyEvent,65535:16:1,untitled,Editor,C:/Users/user/CLionProjects/untitled/Array.cpp,,6,34,Changes
2023-05-01T17:40:27.538+09:00,user,KeyEvent,40:57:1,untitled,Editor,C:/Users/user/CLionProjects/untitled/Array.cpp,,6,34,Changes
2023-05-01T17:40:27.902+09:00,user,Action,EditorRight,untitled,Editor,C:/Users/user/CLionProjects/untitled/Array.cpp,,6,35,Changes
2023-05-01T17:40:27.903+09:00,user,KeyEvent,65535:39:0,untitled,Editor,C:/Users/user/CLionProjects/untitled/Array.cpp,,6,36,Changes
2023-05-01T17:40:28.203+09:00,user,Action,EditorRight,untitled,Editor,C:/Users/user/CLionProjects/untitled/Array.cpp,,6,36,Changes
2023-05-01T17:40:28.204+09:00,user,KeyEvent,65535:39:0,untitled,Editor,C:/Users/user/CLionProjects/untitled/Array.cpp,,6,37,Changes
2023-05-01T17:40:28.602+09:00,user,KeyEvent,59:59:0,untitled,Editor,C:/Users/user/CLionProjects/untitled/Array.cpp,,6,37,Changes
2023-05-01T17:40:49.586+09:00,user,Action,EditorUp,untitled,Editor,C:/Users/user/CLionProjects/untitled/Array.cpp,,6,38,Changes
2023-05-01T17:40:49.592+09:00,user,KeyEvent,65535:38:0,untitled,Editor,C:/Users/user/CLionProjects/untitled/Array.cpp,,5,7,Changes
2023-05-01T17:40:50.097+09:00,user,Action,EditorEnter,untitled,Editor,C:/Users/user/CLionProjects/untitled/Array.cpp,,5,7,Changes
2023-05-01T17:40:50.104+09:00,user,KeyEvent,10:10:0,untitled,Editor,C:/Users/user/CLionProjects/untitled/Array.cpp,,6,0,Changes
2023-05-01T17:40:50.992+09:00,user,Action,EditorTab,untitled,Editor,C:/Users/user/CLionProjects/untitled/Array.cpp,,6,0,Changes
2023-05-01T17:40:50.997+09:00,user,KeyEvent,9:9:0,untitled,Editor,C:/Users/user/CLionProjects/untitled/Array.cpp,,6,4,Changes
2023-05-01T17:40:51.395+09:00,user,KeyEvent,115:83:0,untitled,Editor,C:/Users/user/CLionProjects/untitled/Array.cpp,,6,4,Changes
2023-05-01T17:40:51.538+09:00,user,KeyEvent,111:79:0,untitled,Editor,C:/Users/user/CLionProjects/untitled/Array.cpp,,6,5,Changes
2023-05-01T17:40:51.575+09:00,user,KeyEvent,122:90:0,untitled,Editor,C:/Users/user/CLionProjects/untitled/Array.cpp,,6,6,Changes
2023-05-01T17:40:51.720+09:00,user,KeyEvent,101:69:0,untitled,Editor,C:/Users/user/CLionProjects/untitled/Array.cpp,,6,7,Changes
2023-05-01T17:40:52.276+09:00,user,Action,EditorBackSpace,untitled,Editor,C:/Users/user/CLionProjects/untitled/Array.cpp,,6,8,Changes
2023-05-01T17:40:52.283+09:00,user,KeyEvent,8:8:0,untitled,Editor,C:/Users/user/CLionProjects/untitled/Array.cpp,,6,7,Changes
2023-05-01T17:40:52.403+09:00,user,Action,EditorBackSpace,untitled,Editor,C:/Users/user/CLionProjects/untitled/Array.cpp,,6,7,Changes
2023-05-01T17:40:52.421+09:00,user,KeyEvent,8:8:0,untitled,Editor,C:/Users/user/CLionProjects/untitled/Array.cpp,,6,6,Changes
2023-05-01T17:40:52.627+09:00,user,Action,EditorBackSpace,untitled,Editor,C:/Users/user/CLionProjects/untitled/Array.cpp,,6,6,Changes
2023-05-01T17:40:52.632+09:00,user,KeyEvent,8:8:0,untitled,Editor,C:/Users/user/CLionProjects/untitled/Array.cpp,,6,5,Changes
2023-05-01T17:40:53.244+09:00,user,KeyEvent,105:73:0,untitled,Editor,C:/Users/user/CLionProjects/untitled/Array.cpp,,6,5,Changes
2023-05-01T17:40:53.352+09:00,user,KeyEvent,122:90:0,untitled,Editor,C:/Users/user/CLionProjects/untitled/Array.cpp,,6,6,Changes
2023-05-01T17:40:53.488+09:00,user,KeyEvent,101:69:0,untitled,Editor,C:/Users/user/CLionProjects/untitled/Array.cpp,,6,7,Changes
2023-05-01T17:40:54.264+09:00,user,KeyEvent,32:32:0,untitled,Editor,C:/Users/user/CLionProjects/untitled/Array.cpp,,6,8,Changes
2023-05-01T17:40:54.356+09:00,user,KeyEvent,61:61:0,untitled,Editor,C:/Users/user/CLionProjects/untitled/Array.cpp,,6,9,Changes
2023-05-01T17:40:54.459+09:00,user,KeyEvent,32:32:0,untitled,Editor,C:/Users/user/CLionProjects/untitled/Array.cpp,,6,10,Changes
2023-05-01T17:40:56.459+09:00,user,Action,EditorBackSpace,untitled,Editor,C:/Users/user/CLionProjects/untitled/Array.cpp,,6,11,Changes
2023-05-01T17:40:56.465+09:00,user,KeyEvent,8:8:0,untitled,Editor,C:/Users/user/CLionProjects/untitled/Array.cpp,,6,10,Changes
2023-05-01T17:40:56.626+09:00,user,Action,EditorBackSpace,untitled,Editor,C:/Users/user/CLionProjects/untitled/Array.cpp,,6,10,Changes
2023-05-01T17:40:56.643+09:00,user,KeyEvent,8:8:0,untitled,Editor,C:/Users/user/CLionProjects/untitled/Array.cpp,,6,9,Changes
2023-05-01T17:40:56.798+09:00,user,Action,EditorBackSpace,untitled,Editor,C:/Users/user/CLionProjects/untitled/Array.cpp,,6,9,Changes
2023-05-01T17:40:56.801+09:00,user,KeyEvent,8:8:0,untitled,Editor,C:/Users/user/CLionProjects/untitled/Array.cpp,,6,8,Changes
2023-05-01T17:40:57.009+09:00,user,Action,EditorBackSpace,untitled,Editor,C:/Users/user/CLionProjects/untitled/Array.cpp,,6,8,Changes
2023-05-01T17:40:57.025+09:00,user,KeyEvent,8:8:0,untitled,Editor,C:/Users/user/CLionProjects/untitled/Array.cpp,,6,7,Changes
2023-05-01T17:40:57.247+09:00,user,Action,EditorBackSpace,untitled,Editor,C:/Users/user/CLionProjects/untitled/Array.cpp,,6,7,Changes
2023-05-01T17:40:57.250+09:00,user,KeyEvent,8:8:0,untitled,Editor,C:/Users/user/CLionProjects/untitled/Array.cpp,,6,6,Changes
2023-05-01T17:40:57.442+09:00,user,Action,EditorBackSpace,untitled,Editor,C:/Users/user/CLionProjects/untitled/Array.cpp,,6,6,Changes
2023-05-01T17:40:57.445+09:00,user,KeyEvent,8:8:0,untitled,Editor,C:/Users/user/CLionProjects/untitled/Array.cpp,,6,5,Changes
2023-05-01T17:40:57.794+09:00,user,Action,EditorBackSpace,untitled,Editor,C:/Users/user/CLionProjects/untitled/Array.cpp,,6,5,Changes
2023-05-01T17:40:57.796+09:00,user,KeyEvent,8:8:0,untitled,Editor,C:/Users/user/CLionProjects/untitled/Array.cpp,,6,4,Changes
2023-05-01T17:40:58.081+09:00,user,KeyEvent,116:84:0,untitled,Editor,C:/Users/user/CLionProjects/untitled/Array.cpp,,6,4,Changes
2023-05-01T17:40:58.222+09:00,user,KeyEvent,104:72:0,untitled,Editor,C:/Users/user/CLionProjects/untitled/Array.cpp,,6,5,Changes
2023-05-01T17:40:58.329+09:00,user,KeyEvent,105:73:0,untitled,Editor,C:/Users/user/CLionProjects/untitled/Array.cpp,,6,6,Changes
2023-05-01T17:40:58.484+09:00,user,KeyEvent,115:83:0,untitled,Editor,C:/Users/user/CLionProjects/untitled/Array.cpp,,6,7,Changes
2023-05-01T17:40:59.206+09:00,user,KeyEvent,45:45:0,untitled,Editor,C:/Users/user/CLionProjects/untitled/Array.cpp,,6,8,Changes
2023-05-01T17:40:59.579+09:00,user,KeyEvent,65535:16:1,untitled,Editor,C:/Users/user/CLionProjects/untitled/Array.cpp,,6,9,Changes
2023-05-01T17:40:59.669+09:00,user,KeyEvent,62:46:1,untitled,Editor,C:/Users/user/CLionProjects/untitled/Array.cpp,,6,9,Changes
2023-05-01T17:40:59.855+09:00,user,KeyEvent,115:83:0,untitled,Editor,C:/Users/user/CLionProjects/untitled/Array.cpp,,6,10,Changes
2023-05-01T17:40:59.921+09:00,user,KeyEvent,105:73:0,untitled,Editor,C:/Users/user/CLionProjects/untitled/Array.cpp,,6,11,Changes
2023-05-01T17:41:00.062+09:00,user,KeyEvent,122:90:0,untitled,Editor,C:/Users/user/CLionProjects/untitled/Array.cpp,,6,12,Changes
2023-05-01T17:41:00.375+09:00,user,KeyEvent,101:69:0,untitled,Editor,C:/Users/user/CLionProjects/untitled/Array.cpp,,6,13,Changes
2023-05-01T17:41:01.163+09:00,user,KeyEvent,32:32:0,untitled,Editor,C:/Users/user/CLionProjects/untitled/Array.cpp,,6,14,Changes
2023-05-01T17:41:01.207+09:00,user,KeyEvent,61:61:0,untitled,Editor,C:/Users/user/CLionProjects/untitled/Array.cpp,,6,15,Changes
2023-05-01T17:41:01.244+09:00,user,KeyEvent,32:32:0,untitled,Editor,C:/Users/user/CLionProjects/untitled/Array.cpp,,6,16,Changes
2023-05-01T17:41:02.029+09:00,user,KeyEvent,115:83:0,untitled,Editor,C:/Users/user/CLionProjects/untitled/Array.cpp,,6,17,Changes
2023-05-01T17:41:02.141+09:00,user,KeyEvent,105:73:0,untitled,Editor,C:/Users/user/CLionProjects/untitled/Array.cpp,,6,18,Changes
2023-05-01T17:41:02.234+09:00,user,KeyEvent,122:90:0,untitled,Editor,C:/Users/user/CLionProjects/untitled/Array.cpp,,6,19,Changes
2023-05-01T17:41:02.378+09:00,user,KeyEvent,101:69:0,untitled,Editor,C:/Users/user/CLionProjects/untitled/Array.cpp,,6,20,Changes
2023-05-01T17:41:03.498+09:00,user,KeyEvent,59:59:0,untitled,Editor,C:/Users/user/CLionProjects/untitled/Array.cpp,,6,21,Changes
2023-05-01T17:41:03.907+09:00,user,Action,EditorLeft,untitled,Editor,C:/Users/user/CLionProjects/untitled/Array.cpp,,6,22,Changes
2023-05-01T17:41:03.908+09:00,user,KeyEvent,65535:37:0,untitled,Editor,C:/Users/user/CLionProjects/untitled/Array.cpp,,6,21,Changes
2023-05-01T17:41:12.017+09:00,user,Action,EditorLeft,untitled,Editor,C:/Users/user/CLionProjects/untitled/Array.cpp,,6,21,Changes
2023-05-01T17:41:12.022+09:00,user,KeyEvent,65535:37:0,untitled,Editor,C:/Users/user/CLionProjects/untitled/Array.cpp,,6,20,Changes
2023-05-01T17:41:12.519+09:00,user,Action,EditorLeft,untitled,Editor,C:/Users/user/CLionProjects/untitled/Array.cpp,,6,20,Changes
2023-05-01T17:41:12.522+09:00,user,KeyEvent,65535:37:0,untitled,Editor,C:/Users/user/CLionProjects/untitled/Array.cpp,,6,19,Changes
2023-05-01T17:41:12.544+09:00,user,Action,EditorLeft,untitled,Editor,C:/Users/user/CLionProjects/untitled/Array.cpp,,6,19,Changes
2023-05-01T17:41:12.545+09:00,user,KeyEvent,65535:37:0,untitled,Editor,C:/Users/user/CLionProjects/untitled/Array.cpp,,6,18,Changes
2023-05-01T17:41:12.574+09:00,user,Action,EditorLeft,untitled,Editor,C:/Users/user/CLionProjects/untitled/Array.cpp,,6,18,Changes
2023-05-01T17:41:12.575+09:00,user,KeyEvent,65535:37:0,untitled,Editor,C:/Users/user/CLionProjects/untitled/Array.cpp,,6,17,Changes
2023-05-01T17:41:12.604+09:00,user,Action,EditorLeft,untitled,Editor,C:/Users/user/CLionProjects/untitled/Array.cpp,,6,17,Changes
2023-05-01T17:41:12.606+09:00,user,KeyEvent,65535:37:0,untitled,Editor,C:/Users/user/CLionProjects/untitled/Array.cpp,,6,16,Changes
2023-05-01T17:41:12.634+09:00,user,Action,EditorLeft,untitled,Editor,C:/Users/user/CLionProjects/untitled/Array.cpp,,6,16,Changes
2023-05-01T17:41:12.635+09:00,user,KeyEvent,65535:37:0,untitled,Editor,C:/Users/user/CLionProjects/untitled/Array.cpp,,6,15,Changes
2023-05-01T17:41:12.664+09:00,user,Action,EditorLeft,untitled,Editor,C:/Users/user/CLionProjects/untitled/Array.cpp,,6,15,Changes
2023-05-01T17:41:12.665+09:00,user,KeyEvent,65535:37:0,untitled,Editor,C:/Users/user/CLionProjects/untitled/Array.cpp,,6,14,Changes
2023-05-01T17:41:12.694+09:00,user,Action,EditorLeft,untitled,Editor,C:/Users/user/CLionProjects/untitled/Array.cpp,,6,14,Changes
2023-05-01T17:41:12.695+09:00,user,KeyEvent,65535:37:0,untitled,Editor,C:/Users/user/CLionProjects/untitled/Array.cpp,,6,13,Changes
2023-05-01T17:41:12.724+09:00,user,Action,EditorLeft,untitled,Editor,C:/Users/user/CLionProjects/untitled/Array.cpp,,6,13,Changes
2023-05-01T17:41:12.725+09:00,user,KeyEvent,65535:37:0,untitled,Editor,C:/Users/user/CLionProjects/untitled/Array.cpp,,6,12,Changes
2023-05-01T17:41:12.987+09:00,user,Action,EditorLeft,untitled,Editor,C:/Users/user/CLionProjects/untitled/Array.cpp,,6,12,Changes
2023-05-01T17:41:12.990+09:00,user,KeyEvent,65535:37:0,untitled,Editor,C:/Users/user/CLionProjects/untitled/Array.cpp,,6,11,Changes
2023-05-01T17:41:13.334+09:00,user,Action,EditorLeft,untitled,Editor,C:/Users/user/CLionProjects/untitled/Array.cpp,,6,11,Changes
2023-05-01T17:41:13.335+09:00,user,KeyEvent,65535:37:0,untitled,Editor,C:/Users/user/CLionProjects/untitled/Array.cpp,,6,10,Changes
2023-05-01T17:41:13.915+09:00,user,Action,EditorBackSpace,untitled,Editor,C:/Users/user/CLionProjects/untitled/Array.cpp,,6,10,Changes
2023-05-01T17:41:13.925+09:00,user,KeyEvent,8:8:0,untitled,Editor,C:/Users/user/CLionProjects/untitled/Array.cpp,,6,9,Changes
2023-05-01T17:41:14.066+09:00,user,Action,EditorBackSpace,untitled,Editor,C:/Users/user/CLionProjects/untitled/Array.cpp,,6,9,Changes
2023-05-01T17:41:14.072+09:00,user,KeyEvent,8:8:0,untitled,Editor,C:/Users/user/CLionProjects/untitled/Array.cpp,,6,8,Changes
2023-05-01T17:41:14.226+09:00,user,Action,EditorBackSpace,untitled,Editor,C:/Users/user/CLionProjects/untitled/Array.cpp,,6,8,Changes
2023-05-01T17:41:14.231+09:00,user,KeyEvent,8:8:0,untitled,Editor,C:/Users/user/CLionProjects/untitled/Array.cpp,,6,7,Changes
2023-05-01T17:41:14.391+09:00,user,Action,EditorBackSpace,untitled,Editor,C:/Users/user/CLionProjects/untitled/Array.cpp,,6,7,Changes
2023-05-01T17:41:14.393+09:00,user,KeyEvent,8:8:0,untitled,Editor,C:/Users/user/CLionProjects/untitled/Array.cpp,,6,6,Changes
2023-05-01T17:41:14.565+09:00,user,Action,EditorBackSpace,untitled,Editor,C:/Users/user/CLionProjects/untitled/Array.cpp,,6,6,Changes
2023-05-01T17:41:14.568+09:00,user,KeyEvent,8:8:0,untitled,Editor,C:/Users/user/CLionProjects/untitled/Array.cpp,,6,5,Changes
2023-05-01T17:41:14.918+09:00,user,Action,EditorBackSpace,untitled,Editor,C:/Users/user/CLionProjects/untitled/Array.cpp,,6,5,Changes
2023-05-01T17:41:14.920+09:00,user,KeyEvent,8:8:0,untitled,Editor,C:/Users/user/CLionProjects/untitled/Array.cpp,,6,4,Changes
2023-05-01T17:41:15.271+09:00,user,KeyEvent,65535:16:1,untitled,Editor,C:/Users/user/CLionProjects/untitled/Array.cpp,,6,4,Changes
2023-05-01T17:41:15.505+09:00,user,KeyEvent,95:45:1,untitled,Editor,C:/Users/user/CLionProjects/untitled/Array.cpp,,6,4,Changes
2023-05-01T17:41:34.846+09:00,user,KeyEvent,32:32:0,untitled,Editor,C:/Users/user/CLionProjects/untitled/Array.cpp,,2,58,Changes
2023-05-01T17:41:34.969+09:00,user,KeyEvent,65535:16:1,untitled,Editor,C:/Users/user/CLionProjects/untitled/Array.cpp,,2,59,Changes
2023-05-01T17:41:35.118+09:00,user,KeyEvent,95:45:1,untitled,Editor,C:/Users/user/CLionProjects/untitled/Array.cpp,,2,59,Changes
2023-05-01T17:41:35.353+09:00,user,KeyEvent,115:83:0,untitled,Editor,C:/Users/user/CLionProjects/untitled/Array.cpp,,2,60,Changes
2023-05-01T17:41:35.444+09:00,user,KeyEvent,105:73:0,untitled,Editor,C:/Users/user/CLionProjects/untitled/Array.cpp,,2,61,Changes
2023-05-01T17:41:35.514+09:00,user,KeyEvent,122:90:0,untitled,Editor,C:/Users/user/CLionProjects/untitled/Array.cpp,,2,62,Changes
2023-05-01T17:41:35.657+09:00,user,KeyEvent,101:69:0,untitled,Editor,C:/Users/user/CLionProjects/untitled/Array.cpp,,2,63,Changes
2023-05-01T17:41:36.370+09:00,user,KeyEvent,65535:16:1,untitled,Editor,C:/Users/user/CLionProjects/untitled/Array.cpp,,2,64,Changes
2023-05-01T17:41:36.474+09:00,user,KeyEvent,40:57:1,untitled,Editor,C:/Users/user/CLionProjects/untitled/Array.cpp,,2,64,Changes
2023-05-01T17:41:36.818+09:00,user,KeyEvent,115:83:0,untitled,Editor,C:/Users/user/CLionProjects/untitled/Array.cpp,,2,65,Changes
2023-05-01T17:41:36.943+09:00,user,KeyEvent,105:73:0,untitled,Editor,C:/Users/user/CLionProjects/untitled/Array.cpp,,2,66,Changes
2023-05-01T17:41:36.990+09:00,user,KeyEvent,122:90:0,untitled,Editor,C:/Users/user/CLionProjects/untitled/Array.cpp,,2,67,Changes
2023-05-01T17:41:37.125+09:00,user,KeyEvent,101:69:0,untitled,Editor,C:/Users/user/CLionProjects/untitled/Array.cpp,,2,68,Changes
2023-05-01T17:41:39.573+09:00,user,Action,EditorBackSpace,untitled,Editor,C:/Users/user/CLionProjects/untitled/Array.cpp,,6,2,Changes
2023-05-01T17:41:39.575+09:00,user,KeyEvent,8:8:0,untitled,Editor,C:/Users/user/CLionProjects/untitled/Array.cpp,,6,2,Changes
2023-05-01T17:41:39.748+09:00,user,Action,EditorBackSpace,untitled,Editor,C:/Users/user/CLionProjects/untitled/Array.cpp,,6,2,Changes
2023-05-01T17:41:39.752+09:00,user,KeyEvent,8:8:0,untitled,Editor,C:/Users/user/CLionProjects/untitled/Array.cpp,,6,0,Changes
2023-05-01T17:41:40.377+09:00,user,Action,EditorBackSpace,untitled,Editor,C:/Users/user/CLionProjects/untitled/Array.cpp,,6,0,Changes
2023-05-01T17:41:40.437+09:00,user,KeyEvent,8:8:0,untitled,Editor,C:/Users/user/CLionProjects/untitled/Array.cpp,,5,7,Changes
2023-05-01T17:41:42.841+09:00,user,Action,EditorLeft,untitled,Editor,C:/Users/user/CLionProjects/untitled/Array.cpp,,2,59,Changes
2023-05-01T17:41:42.845+09:00,user,KeyEvent,65535:37:0,untitled,Editor,C:/Users/user/CLionProjects/untitled/Array.cpp,,2,58,Changes
2023-05-01T17:41:43.053+09:00,user,KeyEvent,65535:16:1,untitled,Editor,C:/Users/user/CLionProjects/untitled/Array.cpp,,2,58,Changes
2023-05-01T17:41:43.154+09:00,user,KeyEvent,58:59:1,untitled,Editor,C:/Users/user/CLionProjects/untitled/Array.cpp,,2,58,Changes
2023-05-01T17:41:44.090+09:00,user,Action,EditorRight,untitled,Editor,C:/Users/user/CLionProjects/untitled/Array.cpp,,2,59,Changes
2023-05-01T17:41:44.091+09:00,user,KeyEvent,65535:39:0,untitled,Editor,C:/Users/user/CLionProjects/untitled/Array.cpp,,2,60,Changes
2023-05-01T17:41:44.497+09:00,user,Action,EditorRight,untitled,Editor,C:/Users/user/CLionProjects/untitled/Array.cpp,,2,60,Changes
2023-05-01T17:41:44.499+09:00,user,KeyEvent,65535:39:0,untitled,Editor,C:/Users/user/CLionProjects/untitled/Array.cpp,,2,61,Changes
2023-05-01T17:41:44.528+09:00,user,Action,EditorRight,untitled,Editor,C:/Users/user/CLionProjects/untitled/Array.cpp,,2,61,Changes
2023-05-01T17:41:44.529+09:00,user,KeyEvent,65535:39:0,untitled,Editor,C:/Users/user/CLionProjects/untitled/Array.cpp,,2,62,Changes
2023-05-01T17:41:44.557+09:00,user,Action,EditorRight,untitled,Editor,C:/Users/user/CLionProjects/untitled/Array.cpp,,2,62,Changes
2023-05-01T17:41:44.558+09:00,user,KeyEvent,65535:39:0,untitled,Editor,C:/Users/user/CLionProjects/untitled/Array.cpp,,2,63,Changes
2023-05-01T17:41:44.587+09:00,user,Action,EditorRight,untitled,Editor,C:/Users/user/CLionProjects/untitled/Array.cpp,,2,63,Changes
2023-05-01T17:41:44.588+09:00,user,KeyEvent,65535:39:0,untitled,Editor,C:/Users/user/CLionProjects/untitled/Array.cpp,,2,64,Changes
2023-05-01T17:41:44.617+09:00,user,Action,EditorRight,untitled,Editor,C:/Users/user/CLionProjects/untitled/Array.cpp,,2,64,Changes
2023-05-01T17:41:44.618+09:00,user,KeyEvent,65535:39:0,untitled,Editor,C:/Users/user/CLionProjects/untitled/Array.cpp,,2,65,Changes
2023-05-01T17:41:44.647+09:00,user,Action,EditorRight,untitled,Editor,C:/Users/user/CLionProjects/untitled/Array.cpp,,2,65,Changes
2023-05-01T17:41:44.648+09:00,user,KeyEvent,65535:39:0,untitled,Editor,C:/Users/user/CLionProjects/untitled/Array.cpp,,2,66,Changes
2023-05-01T17:41:44.677+09:00,user,Action,EditorRight,untitled,Editor,C:/Users/user/CLionProjects/untitled/Array.cpp,,2,66,Changes
2023-05-01T17:41:44.678+09:00,user,KeyEvent,65535:39:0,untitled,Editor,C:/Users/user/CLionProjects/untitled/Array.cpp,,2,67,Changes
2023-05-01T17:41:44.709+09:00,user,Action,EditorRight,untitled,Editor,C:/Users/user/CLionProjects/untitled/Array.cpp,,2,67,Changes
2023-05-01T17:41:44.710+09:00,user,KeyEvent,65535:39:0,untitled,Editor,C:/Users/user/CLionProjects/untitled/Array.cpp,,2,68,Changes
2023-05-01T17:41:44.740+09:00,user,Action,EditorRight,untitled,Editor,C:/Users/user/CLionProjects/untitled/Array.cpp,,2,68,Changes
2023-05-01T17:41:44.744+09:00,user,KeyEvent,65535:39:0,untitled,Editor,C:/Users/user/CLionProjects/untitled/Array.cpp,,2,69,Changes
2023-05-01T17:41:45.030+09:00,user,Action,EditorRight,untitled,Editor,C:/Users/user/CLionProjects/untitled/Array.cpp,,2,69,Changes
2023-05-01T17:41:45.033+09:00,user,KeyEvent,65535:39:0,untitled,Editor,C:/Users/user/CLionProjects/untitled/Array.cpp,,2,70,Changes
2023-05-01T17:41:45.207+09:00,user,Action,EditorRight,untitled,Editor,C:/Users/user/CLionProjects/untitled/Array.cpp,,2,70,Changes
2023-05-01T17:41:45.211+09:00,user,KeyEvent,65535:39:0,untitled,Editor,C:/Users/user/CLionProjects/untitled/Array.cpp,,2,71,Changes
2023-05-01T17:41:45.873+09:00,user,KeyEvent,44:44:0,untitled,Editor,C:/Users/user/CLionProjects/untitled/Array.cpp,,2,71,Changes
2023-05-01T17:41:45.987+09:00,user,KeyEvent,32:32:0,untitled,Editor,C:/Users/user/CLionProjects/untitled/Array.cpp,,2,72,Changes
2023-05-01T17:41:46.901+09:00,user,KeyEvent,100:68:0,untitled,Editor,C:/Users/user/CLionProjects/untitled/Array.cpp,,2,73,Changes
2023-05-01T17:41:47.027+09:00,user,KeyEvent,97:65:0,untitled,Editor,C:/Users/user/CLionProjects/untitled/Array.cpp,,2,74,Changes
2023-05-01T17:41:47.146+09:00,user,KeyEvent,116:84:0,untitled,Editor,C:/Users/user/CLionProjects/untitled/Array.cpp,,2,75,Changes
2023-05-01T17:41:47.255+09:00,user,KeyEvent,97:65:0,untitled,Editor,C:/Users/user/CLionProjects/untitled/Array.cpp,,2,76,Changes
2023-05-01T17:41:47.490+09:00,user,KeyEvent,61:61:0,untitled,Editor,C:/Users/user/CLionProjects/untitled/Array.cpp,,2,77,Changes
2023-05-01T17:41:48.079+09:00,user,Action,EditorBackSpace,untitled,Editor,C:/Users/user/CLionProjects/untitled/Array.cpp,,2,78,Changes
2023-05-01T17:41:48.085+09:00,user,KeyEvent,8:8:0,untitled,Editor,C:/Users/user/CLionProjects/untitled/Array.cpp,,2,77,Changes
2023-05-01T17:41:48.506+09:00,user,KeyEvent,65535:16:1,untitled,Editor,C:/Users/user/CLionProjects/untitled/Array.cpp,,2,77,Changes
2023-05-01T17:41:48.672+09:00,user,KeyEvent,40:57:1,untitled,Editor,C:/Users/user/CLionProjects/untitled/Array.cpp,,2,77,Changes
2023-05-01T17:41:49.990+09:00,user,KeyEvent,97:65:0,untitled,Editor,C:/Users/user/CLionProjects/untitled/Array.cpp,,2,78,Changes
2023-05-01T17:41:50.065+09:00,user,KeyEvent,114:82:0,untitled,Editor,C:/Users/user/CLionProjects/untitled/Array.cpp,,2,79,Changes
2023-05-01T17:41:50.277+09:00,user,KeyEvent,103:71:0,untitled,Editor,C:/Users/user/CLionProjects/untitled/Array.cpp,,2,80,Changes
2023-05-01T17:41:50.405+09:00,user,KeyEvent,115:83:0,untitled,Editor,C:/Users/user/CLionProjects/untitled/Array.cpp,,2,81,Changes
2023-05-01T17:41:50.692+09:00,user,KeyEvent,46:46:0,untitled,Editor,C:/Users/user/CLionProjects/untitled/Array.cpp,,2,82,Changes
2023-05-01T17:41:51.861+09:00,user,Action,EditorChooseLookupItem,untitled,Editor,C:/Users/user/CLionProjects/untitled/Array.cpp,,2,83,Changes
2023-05-01T17:41:51.889+09:00,user,KeyEvent,10:10:0,untitled,Editor,C:/Users/user/CLionProjects/untitled/Array.cpp,,2,90,Changes
2023-05-01T17:41:59.199+09:00,user,Action,EditorBackSpace,untitled,Editor,C:/Users/user/CLionProjects/untitled/Array.cpp,,2,90,Changes
2023-05-01T17:41:59.210+09:00,user,KeyEvent,8:8:0,untitled,Editor,C:/Users/user/CLionProjects/untitled/Array.cpp,,2,89,Changes
2023-05-01T17:41:59.385+09:00,user,Action,EditorBackSpace,untitled,Editor,C:/Users/user/CLionProjects/untitled/Array.cpp,,2,89,Changes
2023-05-01T17:41:59.388+09:00,user,KeyEvent,8:8:0,untitled,Editor,C:/Users/user/CLionProjects/untitled/Array.cpp,,2,88,Changes
2023-05-01T17:41:59.567+09:00,user,Action,EditorBackSpace,untitled,Editor,C:/Users/user/CLionProjects/untitled/Array.cpp,,2,88,Changes
2023-05-01T17:41:59.569+09:00,user,KeyEvent,8:8:0,untitled,Editor,C:/Users/user/CLionProjects/untitled/Array.cpp,,2,87,Changes
2023-05-01T17:41:59.739+09:00,user,Action,EditorBackSpace,untitled,Editor,C:/Users/user/CLionProjects/untitled/Array.cpp,,2,87,Changes
2023-05-01T17:41:59.747+09:00,user,KeyEvent,8:8:0,untitled,Editor,C:/Users/user/CLionProjects/untitled/Array.cpp,,2,86,Changes
2023-05-01T17:41:59.912+09:00,user,Action,EditorBackSpace,untitled,Editor,C:/Users/user/CLionProjects/untitled/Array.cpp,,2,86,Changes
2023-05-01T17:41:59.920+09:00,user,KeyEvent,8:8:0,untitled,Editor,C:/Users/user/CLionProjects/untitled/Array.cpp,,2,85,Changes
2023-05-01T17:42:00.075+09:00,user,Action,EditorBackSpace,untitled,Editor,C:/Users/user/CLionProjects/untitled/Array.cpp,,2,85,Changes
2023-05-01T17:42:00.086+09:00,user,KeyEvent,8:8:0,untitled,Editor,C:/Users/user/CLionProjects/untitled/Array.cpp,,2,84,Changes
2023-05-01T17:42:00.250+09:00,user,Action,EditorBackSpace,untitled,Editor,C:/Users/user/CLionProjects/untitled/Array.cpp,,2,84,Changes
2023-05-01T17:42:00.257+09:00,user,KeyEvent,8:8:0,untitled,Editor,C:/Users/user/CLionProjects/untitled/Array.cpp,,2,83,Changes
2023-05-01T17:42:00.430+09:00,user,Action,EditorBackSpace,untitled,Editor,C:/Users/user/CLionProjects/untitled/Array.cpp,,2,83,Changes
2023-05-01T17:42:00.437+09:00,user,KeyEvent,8:8:0,untitled,Editor,C:/Users/user/CLionProjects/untitled/Array.cpp,,2,82,Changes
2023-05-01T17:42:00.605+09:00,user,Action,EditorBackSpace,untitled,Editor,C:/Users/user/CLionProjects/untitled/Array.cpp,,2,82,Changes
2023-05-01T17:42:00.619+09:00,user,KeyEvent,8:8:0,untitled,Editor,C:/Users/user/CLionProjects/untitled/Array.cpp,,2,81,Changes
2023-05-01T17:42:00.786+09:00,user,Action,EditorBackSpace,untitled,Editor,C:/Users/user/CLionProjects/untitled/Array.cpp,,2,81,Changes
2023-05-01T17:42:00.793+09:00,user,KeyEvent,8:8:0,untitled,Editor,C:/Users/user/CLionProjects/untitled/Array.cpp,,2,80,Changes
2023-05-01T17:42:00.960+09:00,user,Action,EditorBackSpace,untitled,Editor,C:/Users/user/CLionProjects/untitled/Array.cpp,,2,80,Changes
2023-05-01T17:42:00.967+09:00,user,KeyEvent,8:8:0,untitled,Editor,C:/Users/user/CLionProjects/untitled/Array.cpp,,2,79,Changes
2023-05-01T17:42:01.141+09:00,user,Action,EditorBackSpace,untitled,Editor,C:/Users/user/CLionProjects/untitled/Array.cpp,,2,79,Changes
2023-05-01T17:42:01.145+09:00,user,KeyEvent,8:8:0,untitled,Editor,C:/Users/user/CLionProjects/untitled/Array.cpp,,2,78,Changes
2023-05-01T17:42:02.630+09:00,user,Action,EditorRight,untitled,Editor,C:/Users/user/CLionProjects/untitled/Array.cpp,,2,78,Changes
2023-05-01T17:42:02.631+09:00,user,KeyEvent,65535:39:0,untitled,Editor,C:/Users/user/CLionProjects/untitled/Array.cpp,,2,79,Changes
2023-05-01T17:42:03.014+09:00,user,Action,EditorLeft,untitled,Editor,C:/Users/user/CLionProjects/untitled/Array.cpp,,2,79,Changes
2023-05-01T17:42:03.017+09:00,user,KeyEvent,65535:37:0,untitled,Editor,C:/Users/user/CLionProjects/untitled/Array.cpp,,2,78,Changes
2023-05-01T17:43:25.991+09:00,user,KeyEvent,110:78:0,untitled,Editor,C:/Users/user/CLionProjects/untitled/Array.cpp,,2,78,Changes
2023-05-01T17:43:26.048+09:00,user,KeyEvent,101:69:0,untitled,Editor,C:/Users/user/CLionProjects/untitled/Array.cpp,,2,79,Changes
2023-05-01T17:43:26.189+09:00,user,KeyEvent,119:87:0,untitled,Editor,C:/Users/user/CLionProjects/untitled/Array.cpp,,2,80,Changes
2023-05-01T17:43:26.930+09:00,user,KeyEvent,32:32:0,untitled,Editor,C:/Users/user/CLionProjects/untitled/Array.cpp,,2,81,Changes
2023-05-01T17:43:28.884+09:00,user,KeyEvent,105:73:0,untitled,Editor,C:/Users/user/CLionProjects/untitled/Array.cpp,,2,82,Changes
2023-05-01T17:43:28.968+09:00,user,KeyEvent,110:78:0,untitled,Editor,C:/Users/user/CLionProjects/untitled/Array.cpp,,2,83,Changes
2023-05-01T17:43:29.067+09:00,user,KeyEvent,116:84:0,untitled,Editor,C:/Users/user/CLionProjects/untitled/Array.cpp,,2,84,Changes
2023-05-01T17:43:30.398+09:00,user,KeyEvent,91:91:0,untitled,Editor,C:/Users/user/CLionProjects/untitled/Array.cpp,,2,85,Changes
2023-05-01T17:43:32.922+09:00,user,KeyEvent,115:83:0,untitled,Editor,C:/Users/user/CLionProjects/untitled/Array.cpp,,2,86,Changes
2023-05-01T17:43:33.026+09:00,user,KeyEvent,105:73:0,untitled,Editor,C:/Users/user/CLionProjects/untitled/Array.cpp,,2,87,Changes
2023-05-01T17:43:33.098+09:00,user,KeyEvent,122:90:0,untitled,Editor,C:/Users/user/CLionProjects/untitled/Array.cpp,,2,88,Changes
2023-05-01T17:43:33.277+09:00,user,KeyEvent,101:69:0,untitled,Editor,C:/Users/user/CLionProjects/untitled/Array.cpp,,2,89,Changes
2023-05-01T17:46:07.966+09:00,user,KeyEvent,65535:17:2,untitled,Editor,C:/Users/user/CLionProjects/untitled/Array.cpp,,3,0,Changes
2023-05-01T17:46:08.072+09:00,user,Action,CommentByLineComment,untitled,Editor,C:/Users/user/CLionProjects/untitled/Array.cpp,,3,0,Changes
2023-05-01T17:46:08.099+09:00,user,KeyEvent,47:47:2,untitled,Editor,C:/Users/user/CLionProjects/untitled/Array.cpp,,3,0,Changes
2023-05-01T17:46:09.745+09:00,user,Action,EditorEnter,untitled,Editor,C:/Users/user/CLionProjects/untitled/Array.cpp,,2,93,Changes
2023-05-01T17:46:09.750+09:00,user,KeyEvent,10:10:0,untitled,Editor,C:/Users/user/CLionProjects/untitled/Array.cpp,,3,4,Changes
2023-05-01T17:46:10.072+09:00,user,KeyEvent,105:73:0,untitled,Editor,C:/Users/user/CLionProjects/untitled/Array.cpp,,3,4,Changes
2023-05-01T17:46:10.197+09:00,user,KeyEvent,110:78:0,untitled,Editor,C:/Users/user/CLionProjects/untitled/Array.cpp,,3,5,Changes
2023-05-01T17:46:10.305+09:00,user,KeyEvent,116:84:0,untitled,Editor,C:/Users/user/CLionProjects/untitled/Array.cpp,,3,6,Changes
2023-05-01T17:46:10.791+09:00,user,KeyEvent,32:32:0,untitled,Editor,C:/Users/user/CLionProjects/untitled/Array.cpp,,3,7,Changes
2023-05-01T17:46:11.811+09:00,user,KeyEvent,105:73:0,untitled,Editor,C:/Users/user/CLionProjects/untitled/Array.cpp,,3,8,Changes
2023-05-01T17:46:11.955+09:00,user,KeyEvent,61:61:0,untitled,Editor,C:/Users/user/CLionProjects/untitled/Array.cpp,,3,9,Changes
2023-05-01T17:46:12.101+09:00,user,KeyEvent,48:48:0,untitled,Editor,C:/Users/user/CLionProjects/untitled/Array.cpp,,3,10,Changes
2023-05-01T17:46:12.307+09:00,user,KeyEvent,59:59:0,untitled,Editor,C:/Users/user/CLionProjects/untitled/Array.cpp,,3,11,Changes
2023-05-01T17:46:13.246+09:00,user,Action,EditorDown,untitled,Editor,C:/Users/user/CLionProjects/untitled/Array.cpp,,3,12,Changes
2023-05-01T17:46:13.247+09:00,user,KeyEvent,65535:40:0,untitled,Editor,C:/Users/user/CLionProjects/untitled/Array.cpp,,4,12,Changes
2023-05-01T17:46:14.603+09:00,user,Action,EditorRight,untitled,Editor,C:/Users/user/CLionProjects/untitled/Array.cpp,,4,12,Changes
2023-05-01T17:46:14.608+09:00,user,KeyEvent,65535:39:0,untitled,Editor,C:/Users/user/CLionProjects/untitled/Array.cpp,,4,13,Changes
2023-05-01T17:46:16.117+09:00,user,Action,EditorUp,untitled,Editor,C:/Users/user/CLionProjects/untitled/Array.cpp,,4,13,Changes
2023-05-01T17:46:16.121+09:00,user,KeyEvent,65535:38:0,untitled,Editor,C:/Users/user/CLionProjects/untitled/Array.cpp,,3,12,Changes
2023-05-01T17:46:16.881+09:00,user,Action,EditorBackSpace,untitled,Editor,C:/Users/user/CLionProjects/untitled/Array.cpp,,3,12,Changes
2023-05-01T17:46:16.884+09:00,user,KeyEvent,8:8:0,untitled,Editor,C:/Users/user/CLionProjects/untitled/Array.cpp,,3,11,Changes
2023-05-01T17:46:17.073+09:00,user,Action,EditorBackSpace,untitled,Editor,C:/Users/user/CLionProjects/untitled/Array.cpp,,3,11,Changes
2023-05-01T17:46:17.076+09:00,user,KeyEvent,8:8:0,untitled,Editor,C:/Users/user/CLionProjects/untitled/Array.cpp,,3,10,Changes
2023-05-01T17:46:17.234+09:00,user,Action,EditorBackSpace,untitled,Editor,C:/Users/user/CLionProjects/untitled/Array.cpp,,3,10,Changes
2023-05-01T17:46:17.237+09:00,user,KeyEvent,8:8:0,untitled,Editor,C:/Users/user/CLionProjects/untitled/Array.cpp,,3,9,Changes
2023-05-01T17:46:17.405+09:00,user,Action,EditorBackSpace,untitled,Editor,C:/Users/user/CLionProjects/untitled/Array.cpp,,3,9,Changes
2023-05-01T17:46:17.407+09:00,user,KeyEvent,8:8:0,untitled,Editor,C:/Users/user/CLionProjects/untitled/Array.cpp,,3,8,Changes
2023-05-01T17:46:17.586+09:00,user,Action,EditorBackSpace,untitled,Editor,C:/Users/user/CLionProjects/untitled/Array.cpp,,3,8,Changes
2023-05-01T17:46:17.592+09:00,user,KeyEvent,8:8:0,untitled,Editor,C:/Users/user/CLionProjects/untitled/Array.cpp,,3,7,Changes
2023-05-01T17:46:17.759+09:00,user,Action,EditorBackSpace,untitled,Editor,C:/Users/user/CLionProjects/untitled/Array.cpp,,3,7,Changes
2023-05-01T17:46:17.764+09:00,user,KeyEvent,8:8:0,untitled,Editor,C:/Users/user/CLionProjects/untitled/Array.cpp,,3,6,Changes
2023-05-01T17:46:17.927+09:00,user,Action,EditorBackSpace,untitled,Editor,C:/Users/user/CLionProjects/untitled/Array.cpp,,3,6,Changes
2023-05-01T17:46:17.929+09:00,user,KeyEvent,8:8:0,untitled,Editor,C:/Users/user/CLionProjects/untitled/Array.cpp,,3,5,Changes
2023-05-01T17:46:18.110+09:00,user,Action,EditorBackSpace,untitled,Editor,C:/Users/user/CLionProjects/untitled/Array.cpp,,3,5,Changes
2023-05-01T17:46:18.112+09:00,user,KeyEvent,8:8:0,untitled,Editor,C:/Users/user/CLionProjects/untitled/Array.cpp,,3,4,Changes
2023-05-01T17:46:18.391+09:00,user,Action,EditorBackSpace,untitled,Editor,C:/Users/user/CLionProjects/untitled/Array.cpp,,3,4,Changes
2023-05-01T17:46:18.399+09:00,user,KeyEvent,8:8:0,untitled,Editor,C:/Users/user/CLionProjects/untitled/Array.cpp,,2,93,Changes
2023-05-01T17:46:21.980+09:00,user,Action,EditorRight,untitled,Editor,C:/Users/user/CLionProjects/untitled/Array.cpp,,4,24,Changes
2023-05-01T17:46:21.986+09:00,user,KeyEvent,65535:39:0,untitled,Editor,C:/Users/user/CLionProjects/untitled/Array.cpp,,4,25,Changes
2023-05-01T17:46:32.608+09:00,user,Action,EditorDown,untitled,Editor,C:/Users/user/CLionProjects/untitled/Array.cpp,,2,93,Changes
2023-05-01T17:46:32.613+09:00,user,KeyEvent,65535:40:0,untitled,Editor,C:/Users/user/CLionProjects/untitled/Array.cpp,,3,30,Changes
2023-05-01T17:46:34.974+09:00,user,Action,EditorEnter,untitled,Editor,C:/Users/user/CLionProjects/untitled/Array.cpp,,2,93,Changes
2023-05-01T17:46:34.979+09:00,user,KeyEvent,10:10:0,untitled,Editor,C:/Users/user/CLionProjects/untitled/Array.cpp,,3,4,Changes
2023-05-01T17:46:35.301+09:00,user,KeyEvent,105:73:0,untitled,Editor,C:/Users/user/CLionProjects/untitled/Array.cpp,,3,4,Changes
2023-05-01T17:46:35.431+09:00,user,KeyEvent,110:78:0,untitled,Editor,C:/Users/user/CLionProjects/untitled/Array.cpp,,3,5,Changes
2023-05-01T17:46:35.576+09:00,user,KeyEvent,116:84:0,untitled,Editor,C:/Users/user/CLionProjects/untitled/Array.cpp,,3,6,Changes
2023-05-01T17:46:36.114+09:00,user,KeyEvent,32:32:0,untitled,Editor,C:/Users/user/CLionProjects/untitled/Array.cpp,,3,7,Changes
2023-05-01T17:46:36.260+09:00,user,KeyEvent,105:73:0,untitled,Editor,C:/Users/user/CLionProjects/untitled/Array.cpp,,3,8,Changes
2023-05-01T17:46:36.504+09:00,user,KeyEvent,61:61:0,untitled,Editor,C:/Users/user/CLionProjects/untitled/Array.cpp,,3,9,Changes
2023-05-01T17:46:36.676+09:00,user,KeyEvent,48:48:0,untitled,Editor,C:/Users/user/CLionProjects/untitled/Array.cpp,,3,10,Changes
2023-05-01T17:46:36.869+09:00,user,KeyEvent,59:59:0,untitled,Editor,C:/Users/user/CLionProjects/untitled/Array.cpp,,3,11,Changes
2023-05-01T17:46:40.939+09:00,user,KeyEvent,97:65:0,untitled,Editor,C:/Users/user/CLionProjects/untitled/Array.cpp,,4,8,Changes
2023-05-01T17:46:41.075+09:00,user,KeyEvent,117:85:0,untitled,Editor,C:/Users/user/CLionProjects/untitled/Array.cpp,,4,9,Changes
2023-05-01T17:46:41.153+09:00,user,KeyEvent,116:84:0,untitled,Editor,C:/Users/user/CLionProjects/untitled/Array.cpp,,4,10,Changes
2023-05-01T17:46:41.263+09:00,user,KeyEvent,111:79:0,untitled,Editor,C:/Users/user/CLionProjects/untitled/Array.cpp,,4,11,Changes
2023-05-01T17:46:42.018+09:00,user,KeyEvent,32:32:0,untitled,Editor,C:/Users/user/CLionProjects/untitled/Array.cpp,,4,12,Changes
2023-05-01T17:46:43.513+09:00,user,KeyEvent,110:78:0,untitled,Editor,C:/Users/user/CLionProjects/untitled/Array.cpp,,4,13,Changes
2023-05-01T17:46:44.538+09:00,user,KeyEvent,117:85:0,untitled,Editor,C:/Users/user/CLionProjects/untitled/Array.cpp,,4,14,Changes
2023-05-01T17:46:45.159+09:00,user,KeyEvent,109:77:0,untitled,Editor,C:/Users/user/CLionProjects/untitled/Array.cpp,,4,15,Changes
2023-05-01T17:46:45.491+09:00,user,KeyEvent,65535:16:1,untitled,Editor,C:/Users/user/CLionProjects/untitled/Array.cpp,,4,16,Changes
2023-05-01T17:46:45.607+09:00,user,KeyEvent,58:59:1,untitled,Editor,C:/Users/user/CLionProjects/untitled/Array.cpp,,4,16,Changes
2023-05-01T17:46:45.780+09:00,user,KeyEvent,32:32:0,untitled,Editor,C:/Users/user/CLionProjects/untitled/Array.cpp,,4,17,Changes
2023-05-01T17:46:47.149+09:00,user,KeyEvent,97:65:0,untitled,Editor,C:/Users/user/CLionProjects/untitled/Array.cpp,,4,18,Changes
2023-05-01T17:46:47.254+09:00,user,KeyEvent,114:82:0,untitled,Editor,C:/Users/user/CLionProjects/untitled/Array.cpp,,4,19,Changes
2023-05-01T17:46:47.458+09:00,user,KeyEvent,103:71:0,untitled,Editor,C:/Users/user/CLionProjects/untitled/Array.cpp,,4,20,Changes
2023-05-01T17:46:47.568+09:00,user,KeyEvent,115:83:0,untitled,Editor,C:/Users/user/CLionProjects/untitled/Array.cpp,,4,21,Changes
2023-05-01T17:46:50.057+09:00,user,Action,EditorLeft,untitled,Editor,C:/Users/user/CLionProjects/untitled/Array.cpp,,5,26,Changes
2023-05-01T17:46:50.057+09:00,user,KeyEvent,65535:37:0,untitled,Editor,C:/Users/user/CLionProjects/untitled/Array.cpp,,5,25,Changes
2023-05-01T17:46:51.933+09:00,user,Action,EditorUp,untitled,Editor,C:/Users/user/CLionProjects/untitled/Array.cpp,,5,25,Changes
2023-05-01T17:46:51.933+09:00,user,KeyEvent,65535:38:0,untitled,Editor,C:/Users/user/CLionProjects/untitled/Array.cpp,,4,21,Changes
2023-05-01T17:46:52.144+09:00,user,Action,EditorRight,untitled,Editor,C:/Users/user/CLionProjects/untitled/Array.cpp,,4,21,Changes
2023-05-01T17:46:52.159+09:00,user,KeyEvent,65535:39:0,untitled,Editor,C:/Users/user/CLionProjects/untitled/Array.cpp,,4,22,Changes
2023-05-01T17:46:52.652+09:00,user,Action,EditorRight,untitled,Editor,C:/Users/user/CLionProjects/untitled/Array.cpp,,4,22,Changes
2023-05-01T17:46:52.652+09:00,user,KeyEvent,65535:39:0,untitled,Editor,C:/Users/user/CLionProjects/untitled/Array.cpp,,4,23,Changes
2023-05-01T17:46:52.934+09:00,user,Action,EditorLeft,untitled,Editor,C:/Users/user/CLionProjects/untitled/Array.cpp,,4,23,Changes
2023-05-01T17:46:52.949+09:00,user,KeyEvent,65535:37:0,untitled,Editor,C:/Users/user/CLionProjects/untitled/Array.cpp,,4,22,Changes
2023-05-01T17:46:53.192+09:00,user,KeyEvent,65535:16:1,untitled,Editor,C:/Users/user/CLionProjects/untitled/Array.cpp,,4,22,Changes
2023-05-01T17:46:53.288+09:00,user,KeyEvent,41:48:1,untitled,Editor,C:/Users/user/CLionProjects/untitled/Array.cpp,,4,22,Changes
2023-05-01T17:46:53.570+09:00,user,Action,EditorDown,untitled,Editor,C:/Users/user/CLionProjects/untitled/Array.cpp,,4,23,Changes
2023-05-01T17:46:53.570+09:00,user,KeyEvent,65535:40:0,untitled,Editor,C:/Users/user/CLionProjects/untitled/Array.cpp,,5,26,Changes
2023-05-01T17:46:53.820+09:00,user,Action,EditorLeft,untitled,Editor,C:/Users/user/CLionProjects/untitled/Array.cpp,,5,26,Changes
2023-05-01T17:46:53.820+09:00,user,KeyEvent,65535:37:0,untitled,Editor,C:/Users/user/CLionProjects/untitled/Array.cpp,,5,25,Changes
2023-05-01T17:46:54.544+09:00,user,Action,EditorBackSpace,untitled,Editor,C:/Users/user/CLionProjects/untitled/Array.cpp,,5,25,Changes
2023-05-01T17:46:54.544+09:00,user,KeyEvent,8:8:0,untitled,Editor,C:/Users/user/CLionProjects/untitled/Array.cpp,,5,24,Changes
2023-05-01T17:46:54.748+09:00,user,Action,EditorBackSpace,untitled,Editor,C:/Users/user/CLionProjects/untitled/Array.cpp,,5,24,Changes
2023-05-01T17:46:54.748+09:00,user,KeyEvent,8:8:0,untitled,Editor,C:/Users/user/CLionProjects/untitled/Array.cpp,,5,23,Changes
2023-05-01T17:46:54.936+09:00,user,Action,EditorBackSpace,untitled,Editor,C:/Users/user/CLionProjects/untitled/Array.cpp,,5,23,Changes
2023-05-01T17:46:54.936+09:00,user,KeyEvent,8:8:0,untitled,Editor,C:/Users/user/CLionProjects/untitled/Array.cpp,,5,22,Changes
2023-05-01T17:46:55.178+09:00,user,Action,EditorBackSpace,untitled,Editor,C:/Users/user/CLionProjects/untitled/Array.cpp,,5,22,Changes
2023-05-01T17:46:55.178+09:00,user,KeyEvent,8:8:0,untitled,Editor,C:/Users/user/CLionProjects/untitled/Array.cpp,,5,21,Changes
2023-05-01T17:46:55.396+09:00,user,Action,EditorBackSpace,untitled,Editor,C:/Users/user/CLionProjects/untitled/Array.cpp,,5,21,Changes
2023-05-01T17:46:55.396+09:00,user,KeyEvent,8:8:0,untitled,Editor,C:/Users/user/CLionProjects/untitled/Array.cpp,,5,20,Changes
2023-05-01T17:46:55.623+09:00,user,Action,EditorBackSpace,untitled,Editor,C:/Users/user/CLionProjects/untitled/Array.cpp,,5,20,Changes
2023-05-01T17:46:55.638+09:00,user,KeyEvent,8:8:0,untitled,Editor,C:/Users/user/CLionProjects/untitled/Array.cpp,,5,19,Changes
2023-05-01T17:46:56.086+09:00,user,Action,EditorBackSpace,untitled,Editor,C:/Users/user/CLionProjects/untitled/Array.cpp,,5,19,Changes
2023-05-01T17:46:56.086+09:00,user,KeyEvent,8:8:0,untitled,Editor,C:/Users/user/CLionProjects/untitled/Array.cpp,,5,18,Changes
2023-05-01T17:46:57.620+09:00,user,KeyEvent,110:78:0,untitled,Editor,C:/Users/user/CLionProjects/untitled/Array.cpp,,5,18,Changes
2023-05-01T17:46:57.803+09:00,user,KeyEvent,117:85:0,untitled,Editor,C:/Users/user/CLionProjects/untitled/Array.cpp,,5,19,Changes
2023-05-01T17:46:57.990+09:00,user,KeyEvent,109:77:0,untitled,Editor,C:/Users/user/CLionProjects/untitled/Array.cpp,,5,20,Changes
2023-05-01T17:46:58.508+09:00,user,Action,EditorRight,untitled,Editor,C:/Users/user/CLionProjects/untitled/Array.cpp,,5,21,Changes
2023-05-01T17:46:58.508+09:00,user,KeyEvent,65535:39:0,untitled,Editor,C:/Users/user/CLionProjects/untitled/Array.cpp,,5,22,Changes
2023-05-01T17:46:58.827+09:00,user,Action,EditorEnter,untitled,Editor,C:/Users/user/CLionProjects/untitled/Array.cpp,,5,22,Changes
2023-05-01T17:46:58.827+09:00,user,KeyEvent,10:10:0,untitled,Editor,C:/Users/user/CLionProjects/untitled/Array.cpp,,6,8,Changes
2023-05-01T17:46:59.195+09:00,user,KeyEvent,105:73:0,untitled,Editor,C:/Users/user/CLionProjects/untitled/Array.cpp,,6,8,Changes
2023-05-01T17:46:59.367+09:00,user,KeyEvent,65535:16:1,untitled,Editor,C:/Users/user/CLionProjects/untitled/Array.cpp,,6,9,Changes
2023-05-01T17:46:59.555+09:00,user,KeyEvent,43:61:1,untitled,Editor,C:/Users/user/CLionProjects/untitled/Array.cpp,,6,9,Changes
2023-05-01T17:46:59.682+09:00,user,KeyEvent,43:61:1,untitled,Editor,C:/Users/user/CLionProjects/untitled/Array.cpp,,6,10,Changes
2023-05-01T17:47:00.958+09:00,user,KeyEvent,59:59:0,untitled,Editor,C:/Users/user/CLionProjects/untitled/Array.cpp,,6,11,Changes
2023-05-01T17:47:04.365+09:00,user,Action,EditorBackSpace,untitled,Editor,C:/Users/user/CLionProjects/untitled/Array.cpp,,8,4,Changes
2023-05-01T17:47:04.380+09:00,user,KeyEvent,8:8:0,untitled,Editor,C:/Users/user/CLionProjects/untitled/Array.cpp,,8,4,Changes
2023-05-01T17:47:04.942+09:00,user,Action,EditorBackSpace,untitled,Editor,C:/Users/user/CLionProjects/untitled/Array.cpp,,8,4,Changes
2023-05-01T17:47:04.942+09:00,user,KeyEvent,8:8:0,untitled,Editor,C:/Users/user/CLionProjects/untitled/Array.cpp,,7,5,Changes
2023-05-01T17:47:13.157+09:00,user,Action,EditorTab,untitled,Editor,C:/Users/user/CLionProjects/untitled/Array.cpp,,14,0,Changes
2023-05-01T17:47:13.157+09:00,user,KeyEvent,9:9:0,untitled,Editor,C:/Users/user/CLionProjects/untitled/Array.cpp,,14,4,Changes
2023-05-01T17:47:13.577+09:00,user,KeyEvent,114:82:0,untitled,Editor,C:/Users/user/CLionProjects/untitled/Array.cpp,,14,4,Changes
2023-05-01T17:47:13.735+09:00,user,KeyEvent,101:69:0,untitled,Editor,C:/Users/user/CLionProjects/untitled/Array.cpp,,14,5,Changes
2023-05-01T17:47:14.159+09:00,user,KeyEvent,116:84:0,untitled,Editor,C:/Users/user/CLionProjects/untitled/Array.cpp,,14,6,Changes
2023-05-01T17:47:14.254+09:00,user,KeyEvent,117:85:0,untitled,Editor,C:/Users/user/CLionProjects/untitled/Array.cpp,,14,7,Changes
2023-05-01T17:47:14.348+09:00,user,KeyEvent,114:82:0,untitled,Editor,C:/Users/user/CLionProjects/untitled/Array.cpp,,14,8,Changes
2023-05-01T17:47:14.457+09:00,user,KeyEvent,110:78:0,untitled,Editor,C:/Users/user/CLionProjects/untitled/Array.cpp,,14,9,Changes
2023-05-01T17:47:14.646+09:00,user,KeyEvent,32:32:0,untitled,Editor,C:/Users/user/CLionProjects/untitled/Array.cpp,,14,10,Changes
2023-05-01T17:47:14.836+09:00,user,KeyEvent,115:83:0,untitled,Editor,C:/Users/user/CLionProjects/untitled/Array.cpp,,14,11,Changes
2023-05-01T17:47:14.962+09:00,user,KeyEvent,105:73:0,untitled,Editor,C:/Users/user/CLionProjects/untitled/Array.cpp,,14,12,Changes
2023-05-01T17:47:15.291+09:00,user,Action,EditorBackSpace,untitled,Editor,C:/Users/user/CLionProjects/untitled/Array.cpp,,14,13,Changes
2023-05-01T17:47:15.307+09:00,user,KeyEvent,8:8:0,untitled,Editor,C:/Users/user/CLionProjects/untitled/Array.cpp,,14,12,Changes
2023-05-01T17:47:15.448+09:00,user,Action,EditorBackSpace,untitled,Editor,C:/Users/user/CLionProjects/untitled/Array.cpp,,14,12,Changes
2023-05-01T17:47:15.463+09:00,user,KeyEvent,8:8:0,untitled,Editor,C:/Users/user/CLionProjects/untitled/Array.cpp,,14,11,Changes
2023-05-01T17:47:15.704+09:00,user,KeyEvent,65535:16:1,untitled,Editor,C:/Users/user/CLionProjects/untitled/Array.cpp,,14,11,Changes
2023-05-01T17:47:15.867+09:00,user,KeyEvent,95:45:1,untitled,Editor,C:/Users/user/CLionProjects/untitled/Array.cpp,,14,11,Changes
2023-05-01T17:47:16.058+09:00,user,KeyEvent,115:83:0,untitled,Editor,C:/Users/user/CLionProjects/untitled/Array.cpp,,14,12,Changes
2023-05-01T17:47:16.136+09:00,user,KeyEvent,105:73:0,untitled,Editor,C:/Users/user/CLionProjects/untitled/Array.cpp,,14,13,Changes
2023-05-01T17:47:16.214+09:00,user,KeyEvent,122:90:0,untitled,Editor,C:/Users/user/CLionProjects/untitled/Array.cpp,,14,14,Changes
2023-05-01T17:47:16.341+09:00,user,KeyEvent,101:69:0,untitled,Editor,C:/Users/user/CLionProjects/untitled/Array.cpp,,14,15,Changes
2023-05-01T17:47:16.828+09:00,user,KeyEvent,59:59:0,untitled,Editor,C:/Users/user/CLionProjects/untitled/Array.cpp,,14,16,Changes
2023-05-01T17:47:37.986+09:00,user,Action,EditorRight,untitled,Editor,C:/Users/user/CLionProjects/untitled/Array.cpp,,2,91,Changes
2023-05-01T17:47:37.986+09:00,user,KeyEvent,65535:39:0,untitled,Editor,C:/Users/user/CLionProjects/untitled/Array.cpp,,2,92,Changes
2023-05-01T17:47:49.375+09:00,user,Action,EditorTab,untitled,Editor,C:/Users/user/CLionProjects/untitled/Array.cpp,,11,0,Changes
2023-05-01T17:47:49.386+09:00,user,KeyEvent,9:9:0,untitled,Editor,C:/Users/user/CLionProjects/untitled/Array.cpp,,11,4,Changes
2023-05-01T17:47:57.394+09:00,user,KeyEvent,114:82:0,untitled,Editor,C:/Users/user/CLionProjects/untitled/Array.cpp,,11,4,Changes
2023-05-01T17:47:57.547+09:00,user,KeyEvent,101:69:0,untitled,Editor,C:/Users/user/CLionProjects/untitled/Array.cpp,,11,5,Changes
2023-05-01T17:47:57.700+09:00,user,KeyEvent,116:84:0,untitled,Editor,C:/Users/user/CLionProjects/untitled/Array.cpp,,11,6,Changes
2023-05-01T17:47:57.790+09:00,user,KeyEvent,117:85:0,untitled,Editor,C:/Users/user/CLionProjects/untitled/Array.cpp,,11,7,Changes
2023-05-01T17:47:57.911+09:00,user,KeyEvent,114:82:0,untitled,Editor,C:/Users/user/CLionProjects/untitled/Array.cpp,,11,8,Changes
2023-05-01T17:47:58.022+09:00,user,KeyEvent,110:78:0,untitled,Editor,C:/Users/user/CLionProjects/untitled/Array.cpp,,11,9,Changes
2023-05-01T17:47:59.571+09:00,user,KeyEvent,32:32:0,untitled,Editor,C:/Users/user/CLionProjects/untitled/Array.cpp,,11,10,Changes
2023-05-01T17:47:59.688+09:00,user,KeyEvent,100:68:0,untitled,Editor,C:/Users/user/CLionProjects/untitled/Array.cpp,,11,11,Changes
2023-05-01T17:48:00.202+09:00,user,KeyEvent,97:65:0,untitled,Editor,C:/Users/user/CLionProjects/untitled/Array.cpp,,11,12,Changes
2023-05-01T17:48:00.436+09:00,user,KeyEvent,116:84:0,untitled,Editor,C:/Users/user/CLionProjects/untitled/Array.cpp,,11,13,Changes
2023-05-01T17:48:00.829+09:00,user,KeyEvent,97:65:0,untitled,Editor,C:/Users/user/CLionProjects/untitled/Array.cpp,,11,14,Changes
2023-05-01T17:48:01.589+09:00,user,KeyEvent,91:91:0,untitled,Editor,C:/Users/user/CLionProjects/untitled/Array.cpp,,11,15,Changes
2023-05-01T17:48:02.170+09:00,user,KeyEvent,105:73:0,untitled,Editor,C:/Users/user/CLionProjects/untitled/Array.cpp,,11,16,Changes
2023-05-01T17:48:02.265+09:00,user,KeyEvent,110:78:0,untitled,Editor,C:/Users/user/CLionProjects/untitled/Array.cpp,,11,17,Changes
2023-05-01T17:48:02.360+09:00,user,KeyEvent,100:68:0,untitled,Editor,C:/Users/user/CLionProjects/untitled/Array.cpp,,11,18,Changes
2023-05-01T17:48:02.515+09:00,user,KeyEvent,101:69:0,untitled,Editor,C:/Users/user/CLionProjects/untitled/Array.cpp,,11,19,Changes
2023-05-01T17:48:03.216+09:00,user,KeyEvent,120:88:0,untitled,Editor,C:/Users/user/CLionProjects/untitled/Array.cpp,,11,20,Changes
2023-05-01T17:48:03.557+09:00,user,Action,EditorRight,untitled,Editor,C:/Users/user/CLionProjects/untitled/Array.cpp,,11,21,Changes
2023-05-01T17:48:03.571+09:00,user,KeyEvent,65535:39:0,untitled,Editor,C:/Users/user/CLionProjects/untitled/Array.cpp,,11,22,Changes
2023-05-01T17:48:03.842+09:00,user,KeyEvent,59:59:0,untitled,Editor,C:/Users/user/CLionProjects/untitled/Array.cpp,,11,22,Changes
2023-05-01T17:48:08.935+09:00,user,Action,EditorEnter,untitled,Editor,C:/Users/user/CLionProjects/untitled/main.cpp,,0,18,Changes
2023-05-01T17:48:08.942+09:00,user,KeyEvent,10:10:0,untitled,Editor,C:/Users/user/CLionProjects/untitled/main.cpp,,1,0,Changes
2023-05-01T17:48:09.114+09:00,user,KeyEvent,65535:16:1,untitled,Editor,C:/Users/user/CLionProjects/untitled/main.cpp,,1,0,Changes
2023-05-01T17:48:09.259+09:00,user,KeyEvent,35:51:1,untitled,Editor,C:/Users/user/CLionProjects/untitled/main.cpp,,1,0,Changes
2023-05-01T17:48:09.852+09:00,user,KeyEvent,105:73:0,untitled,Editor,C:/Users/user/CLionProjects/untitled/main.cpp,,1,1,Changes
2023-05-01T17:48:09.944+09:00,user,KeyEvent,110:78:0,untitled,Editor,C:/Users/user/CLionProjects/untitled/main.cpp,,1,2,Changes
2023-05-01T17:48:10.327+09:00,user,KeyEvent,99:67:0,untitled,Editor,C:/Users/user/CLionProjects/untitled/main.cpp,,1,3,Changes
2023-05-01T17:48:10.412+09:00,user,KeyEvent,108:76:0,untitled,Editor,C:/Users/user/CLionProjects/untitled/main.cpp,,1,4,Changes
2023-05-01T17:48:10.522+09:00,user,KeyEvent,117:85:0,untitled,Editor,C:/Users/user/CLionProjects/untitled/main.cpp,,1,5,Changes
2023-05-01T17:48:10.584+09:00,user,KeyEvent,100:68:0,untitled,Editor,C:/Users/user/CLionProjects/untitled/main.cpp,,1,6,Changes
2023-05-01T17:48:10.752+09:00,user,KeyEvent,101:69:0,untitled,Editor,C:/Users/user/CLionProjects/untitled/main.cpp,,1,7,Changes
2023-05-01T17:48:10.885+09:00,user,KeyEvent,32:32:0,untitled,Editor,C:/Users/user/CLionProjects/untitled/main.cpp,,1,8,Changes
2023-05-01T17:48:11.062+09:00,user,KeyEvent,65535:16:1,untitled,Editor,C:/Users/user/CLionProjects/untitled/main.cpp,,1,9,Changes
2023-05-01T17:48:11.147+09:00,user,KeyEvent,60:44:1,untitled,Editor,C:/Users/user/CLionProjects/untitled/main.cpp,,1,9,Changes
2023-05-01T17:48:11.589+09:00,user,KeyEvent,105:73:0,untitled,Editor,C:/Users/user/CLionProjects/untitled/main.cpp,,1,10,Changes
2023-05-01T17:48:11.712+09:00,user,KeyEvent,111:79:0,untitled,Editor,C:/Users/user/CLionProjects/untitled/main.cpp,,1,11,Changes
2023-05-01T17:48:11.866+09:00,user,KeyEvent,115:83:0,untitled,Editor,C:/Users/user/CLionProjects/untitled/main.cpp,,1,12,Changes
2023-05-01T17:48:12.048+09:00,user,KeyEvent,116:84:0,untitled,Editor,C:/Users/user/CLionProjects/untitled/main.cpp,,1,13,Changes
2023-05-01T17:48:12.225+09:00,user,KeyEvent,114:82:0,untitled,Editor,C:/Users/user/CLionProjects/untitled/main.cpp,,1,14,Changes
2023-05-01T17:48:12.387+09:00,user,KeyEvent,101:69:0,untitled,Editor,C:/Users/user/CLionProjects/untitled/main.cpp,,1,15,Changes
2023-05-01T17:48:12.523+09:00,user,KeyEvent,97:65:0,untitled,Editor,C:/Users/user/CLionProjects/untitled/main.cpp,,1,16,Changes
2023-05-01T17:48:12.701+09:00,user,KeyEvent,109:77:0,untitled,Editor,C:/Users/user/CLionProjects/untitled/main.cpp,,1,17,Changes
2023-05-01T17:48:12.940+09:00,user,KeyEvent,65535:16:1,untitled,Editor,C:/Users/user/CLionProjects/untitled/main.cpp,,1,18,Changes
2023-05-01T17:48:13.002+09:00,user,KeyEvent,62:46:1,untitled,Editor,C:/Users/user/CLionProjects/untitled/main.cpp,,1,18,Changes
2023-05-01T17:48:16.117+09:00,user,Action,Run,untitled,Editor,C:/Users/user/CLionProjects/untitled/main.cpp,,3,0,Changes
2023-05-01T17:48:25.280+09:00,user,KeyEvent,65535:16:1,untitled,Editor,C:/Users/user/CLionProjects/untitled/CMakeLists.txt,,5,33,Changes
2023-05-01T17:48:25.385+09:00,user,KeyEvent,65:65:1,untitled,Editor,C:/Users/user/CLionProjects/untitled/CMakeLists.txt,,5,33,Changes
2023-05-01T17:48:25.615+09:00,user,KeyEvent,114:82:0,untitled,Editor,C:/Users/user/CLionProjects/untitled/CMakeLists.txt,,5,34,Changes
2023-05-01T17:48:25.741+09:00,user,KeyEvent,114:82:0,untitled,Editor,C:/Users/user/CLionProjects/untitled/CMakeLists.txt,,5,35,Changes
2023-05-01T17:48:25.864+09:00,user,KeyEvent,97:65:0,untitled,Editor,C:/Users/user/CLionProjects/untitled/CMakeLists.txt,,5,36,Changes
2023-05-01T17:48:26.000+09:00,user,KeyEvent,121:89:0,untitled,Editor,C:/Users/user/CLionProjects/untitled/CMakeLists.txt,,5,37,Changes
2023-05-01T17:48:26.497+09:00,user,KeyEvent,46:46:0,untitled,Editor,C:/Users/user/CLionProjects/untitled/CMakeLists.txt,,5,38,Changes
2023-05-01T17:48:26.861+09:00,user,KeyEvent,104:72:0,untitled,Editor,C:/Users/user/CLionProjects/untitled/CMakeLists.txt,,5,39,Changes
2023-05-01T17:48:27.216+09:00,user,KeyEvent,32:32:0,untitled,Editor,C:/Users/user/CLionProjects/untitled/CMakeLists.txt,,5,40,Changes
2023-05-01T17:48:27.384+09:00,user,KeyEvent,65535:16:1,untitled,Editor,C:/Users/user/CLionProjects/untitled/CMakeLists.txt,,5,41,Changes
2023-05-01T17:48:27.468+09:00,user,KeyEvent,65:65:1,untitled,Editor,C:/Users/user/CLionProjects/untitled/CMakeLists.txt,,5,41,Changes
2023-05-01T17:48:27.692+09:00,user,KeyEvent,114:82:0,untitled,Editor,C:/Users/user/CLionProjects/untitled/CMakeLists.txt,,5,42,Changes
2023-05-01T17:48:27.845+09:00,user,KeyEvent,114:82:0,untitled,Editor,C:/Users/user/CLionProjects/untitled/CMakeLists.txt,,5,43,Changes
2023-05-01T17:48:27.964+09:00,user,KeyEvent,97:65:0,untitled,Editor,C:/Users/user/CLionProjects/untitled/CMakeLists.txt,,5,44,Changes
2023-05-01T17:48:28.141+09:00,user,KeyEvent,121:89:0,untitled,Editor,C:/Users/user/CLionProjects/untitled/CMakeLists.txt,,5,45,Changes
2023-05-01T17:48:28.592+09:00,user,KeyEvent,46:46:0,untitled,Editor,C:/Users/user/CLionProjects/untitled/CMakeLists.txt,,5,46,Changes
2023-05-01T17:48:28.804+09:00,user,KeyEvent,99:67:0,untitled,Editor,C:/Users/user/CLionProjects/untitled/CMakeLists.txt,,5,47,Changes
2023-05-01T17:48:28.914+09:00,user,KeyEvent,112:80:0,untitled,Editor,C:/Users/user/CLionProjects/untitled/CMakeLists.txt,,5,48,Changes
2023-05-01T17:48:29.030+09:00,user,KeyEvent,112:80:0,untitled,Editor,C:/Users/user/CLionProjects/untitled/CMakeLists.txt,,5,49,Changes
2023-05-01T17:48:30.456+09:00,user,Action,Run,untitled,Editor,C:/Users/user/CLionProjects/untitled/CMakeLists.txt,,5,50,Changes
2023-05-01T17:48:31.840+09:00,user,Execution,Run:'CMake Application: untitled':C:\Users\user\CLionProjects\untitled\cmake-build-debug\untitled.exe,untitled,Editor,C:/Users/user/CLionProjects/untitled/CMakeLists.txt,,5,50,Changes
