2023-05-03T16:57:05.144+09:00,user,KeyEvent,65535:17:2,untitled,Editor,C:/Users/user/CLionProjects/untitled/Student.h,,34,0,Changes
2023-05-03T16:57:05.341+09:00,user,KeyEvent,65535:18:10,untitled,Editor,C:/Users/user/CLionProjects/untitled/Student.h,,34,0,Changes
2023-05-03T16:57:05.511+09:00,user,KeyEvent,65535:16:11,untitled,Editor,C:/Users/user/CLionProjects/untitled/Student.h,,34,0,Changes
2023-05-03T16:57:05.709+09:00,user,Action,ActivityTracker-Popup,untitled,Editor,C:/Users/user/CLionProjects/untitled/Student.h,,34,0,Changes
2023-05-03T16:57:05.863+09:00,user,KeyEvent,65535:79:11,untitled,Editor,C:/Users/user/CLionProjects/untitled/Student.h,,34,0,Changes
2023-05-03T16:57:06.605+09:00,user,KeyEvent,65535:40:0,untitled,Popup,C:/Users/user/CLionProjects/untitled/Student.h,,34,0,Changes
2023-05-03T16:57:07.399+09:00,user,KeyEvent,10:10:0,untitled,Popup,C:/Users/user/CLionProjects/untitled/Student.h,,34,0,Changes
2023-05-03T16:57:07.811+09:00,user,KeyEvent,65535:38:0,untitled,Popup,C:/Users/user/CLionProjects/untitled/Student.h,,34,0,Changes
2023-05-03T16:57:08.201+09:00,user,Action,Clear Tracking Log,,,,,-1,-1,
2023-05-03T16:57:09.563+09:00,user,KeyEvent,10:10:0,untitled,Popup,C:/Users/user/CLionProjects/untitled/Student.h,,34,0,Changes
2023-05-03T16:57:09.572+09:00,user,KeyEvent,10:10:0,untitled,Popup,C:/Users/user/CLionProjects/untitled/Student.h,,34,0,Changes
2023-05-03T16:57:24.194+09:00,user,Action,EditorLeft,untitled,Editor,C:/Users/user/CLionProjects/untitled/Student.h,,14,28,Changes
2023-05-03T16:57:24.195+09:00,user,KeyEvent,65535:37:0,untitled,Editor,C:/Users/user/CLionProjects/untitled/Student.h,,14,27,Changes
2023-05-03T16:57:24.458+09:00,user,Action,EditorLeft,untitled,Editor,C:/Users/user/CLionProjects/untitled/Student.h,,14,27,Changes
2023-05-03T16:57:24.462+09:00,user,KeyEvent,65535:37:0,untitled,Editor,C:/Users/user/CLionProjects/untitled/Student.h,,14,26,Changes
2023-05-03T16:57:24.890+09:00,user,KeyEvent,103:71:0,untitled,Editor,C:/Users/user/CLionProjects/untitled/Student.h,,14,26,Changes
2023-05-03T16:57:25.021+09:00,user,KeyEvent,107:75:0,untitled,Editor,C:/Users/user/CLionProjects/untitled/Student.h,,14,27,Changes
2023-05-03T16:57:25.491+09:00,user,Action,EditorBackSpace,untitled,Editor,C:/Users/user/CLionProjects/untitled/Student.h,,14,28,Changes
2023-05-03T16:57:25.505+09:00,user,KeyEvent,8:8:0,untitled,Editor,C:/Users/user/CLionProjects/untitled/Student.h,,14,27,Changes
2023-05-03T16:57:25.650+09:00,user,Action,EditorBackSpace,untitled,Editor,C:/Users/user/CLionProjects/untitled/Student.h,,14,27,Changes
2023-05-03T16:57:25.654+09:00,user,KeyEvent,8:8:0,untitled,Editor,C:/Users/user/CLionProjects/untitled/Student.h,,14,26,Changes
2023-05-03T16:57:27.357+09:00,user,KeyEvent,44:44:0,untitled,Editor,C:/Users/user/CLionProjects/untitled/Student.h,,14,28,Changes
2023-05-03T16:57:41.549+09:00,user,KeyEvent,65535:17:2,untitled,Editor,C:/Users/user/CLionProjects/untitled/Student.h,,13,3,Changes
2023-05-03T16:57:41.643+09:00,user,Action,EditorCopy,untitled,Editor,C:/Users/user/CLionProjects/untitled/Student.h,,13,3,Changes
2023-05-03T16:57:41.661+09:00,user,KeyEvent,3:67:2,untitled,Editor,C:/Users/user/CLionProjects/untitled/Student.h,,13,3,Changes
2023-05-03T16:57:55.540+09:00,user,Action,Run,untitled,Editor,C:/Users/user/CLionProjects/untitled/Student.h,,15,18,Changes
2023-05-03T16:57:57.188+09:00,user,Execution,Run:'CMake Application: untitled':C:\Users\user\CLionProjects\untitled\cmake-build-debug\untitled.exe,untitled,Editor,C:/Users/user/CLionProjects/untitled/Student.h,,15,18,Changes
2023-05-03T16:58:00.331+09:00,user,KeyEvent,65535:17:2,untitled,Editor,C:/Users/user/CLionProjects/untitled/Student.h,,15,18,Changes
2023-05-03T16:58:00.519+09:00,user,Action,EditorCopy,untitled,Editor,C:/Users/user/CLionProjects/untitled/Student.h,,15,18,Changes
2023-05-03T16:58:00.527+09:00,user,KeyEvent,3:67:2,untitled,Editor,C:/Users/user/CLionProjects/untitled/Student.h,,15,18,Changes
2023-05-03T16:59:06.552+09:00,user,Action,EditorEnter,untitled,Editor,C:/Users/user/CLionProjects/untitled/Student.h,,13,74,Changes
2023-05-03T16:59:06.564+09:00,user,KeyEvent,10:10:0,untitled,Editor,C:/Users/user/CLionProjects/untitled/Student.h,,14,8,Changes
2023-05-03T16:59:06.622+09:00,user,KeyEvent,65535:17:2,untitled,Editor,C:/Users/user/CLionProjects/untitled/Student.h,,14,8,Changes
2023-05-03T16:59:06.692+09:00,user,Action,EditorPaste,untitled,Editor,C:/Users/user/CLionProjects/untitled/Student.h,,14,8,Changes
2023-05-03T16:59:06.769+09:00,user,KeyEvent,22:86:2,untitled,Editor,C:/Users/user/CLionProjects/untitled/Student.h,,14,49,Changes
2023-05-03T16:59:09.068+09:00,user,Action,Run,untitled,Editor,C:/Users/user/CLionProjects/untitled/Student.h,,14,49,Changes
2023-05-03T16:59:10.846+09:00,user,Execution,Run:'CMake Application: untitled':C:\Users\user\CLionProjects\untitled\cmake-build-debug\untitled.exe,untitled,Editor,C:/Users/user/CLionProjects/untitled/Student.h,,14,49,Changes
2023-05-03T16:59:16.843+09:00,user,Action,EditorBackSpace,untitled,Editor,C:/Users/user/CLionProjects/untitled/Student.h,,14,9,Changes
2023-05-03T16:59:16.845+09:00,user,KeyEvent,8:8:0,untitled,Editor,C:/Users/user/CLionProjects/untitled/Student.h,,14,9,Changes
2023-05-03T16:59:17.029+09:00,user,Action,EditorBackSpace,untitled,Editor,C:/Users/user/CLionProjects/untitled/Student.h,,14,9,Changes
2023-05-03T16:59:17.056+09:00,user,KeyEvent,8:8:0,untitled,Editor,C:/Users/user/CLionProjects/untitled/Student.h,,14,8,Changes
2023-05-03T17:00:09.042+09:00,user,KeyEvent,65535:16:1,untitled,Editor,C:/Users/user/CLionProjects/untitled/Student.h,,15,25,Changes
2023-05-03T17:00:10.482+09:00,user,KeyEvent,65535:16:1,untitled,Editor,C:/Users/user/CLionProjects/untitled/Student.h,,15,25,Changes
2023-05-03T17:00:10.622+09:00,user,KeyEvent,76:76:1,untitled,Editor,C:/Users/user/CLionProjects/untitled/Student.h,,15,25,Changes
2023-05-03T17:00:15.584+09:00,user,Action,Run,untitled,Editor,C:/Users/user/CLionProjects/untitled/Student.h,,15,43,Changes
2023-05-03T17:00:17.151+09:00,user,Execution,Run:'CMake Application: untitled':C:\Users\user\CLionProjects\untitled\cmake-build-debug\untitled.exe,untitled,Editor,C:/Users/user/CLionProjects/untitled/Student.h,,15,43,Changes
2023-05-03T17:00:32.850+09:00,user,KeyEvent,65535:17:2,untitled,Editor,C:/Users/user/CLionProjects/untitled/Student.h,,15,43,Changes
2023-05-03T17:00:32.974+09:00,user,Action,EditorCopy,untitled,Editor,C:/Users/user/CLionProjects/untitled/Student.h,,15,43,Changes
2023-05-03T17:00:32.976+09:00,user,KeyEvent,3:67:2,untitled,Editor,C:/Users/user/CLionProjects/untitled/Student.h,,15,43,Changes
2023-05-03T17:00:58.138+09:00,user,Action,EditorRight,untitled,Editor,C:/Users/user/CLionProjects/untitled/Student.h,,15,24,Changes
2023-05-03T17:00:58.139+09:00,user,KeyEvent,65535:39:0,untitled,Editor,C:/Users/user/CLionProjects/untitled/Student.h,,15,25,Changes
2023-05-03T17:00:58.337+09:00,user,KeyEvent,65535:16:1,untitled,Editor,C:/Users/user/CLionProjects/untitled/Student.h,,15,25,Changes
2023-05-03T17:00:58.441+09:00,user,KeyEvent,42:56:1,untitled,Editor,C:/Users/user/CLionProjects/untitled/Student.h,,15,25,Changes
2023-05-03T17:01:00.223+09:00,user,Action,Run,untitled,Editor,C:/Users/user/CLionProjects/untitled/Student.h,,15,26,Changes
2023-05-03T17:01:02.153+09:00,user,Execution,Run:'CMake Application: untitled':C:\Users\user\CLionProjects\untitled\cmake-build-debug\untitled.exe,untitled,Editor,C:/Users/user/CLionProjects/untitled/Student.h,,15,26,Changes
2023-05-03T17:01:21.485+09:00,user,Action,EditorBackSpace,untitled,Editor,C:/Users/user/CLionProjects/untitled/Student.h,,15,27,Changes
2023-05-03T17:01:21.497+09:00,user,KeyEvent,8:8:0,untitled,Editor,C:/Users/user/CLionProjects/untitled/Student.h,,15,26,Changes
2023-05-03T17:01:21.718+09:00,user,Action,EditorBackSpace,untitled,Editor,C:/Users/user/CLionProjects/untitled/Student.h,,15,26,Changes
2023-05-03T17:01:21.738+09:00,user,KeyEvent,8:8:0,untitled,Editor,C:/Users/user/CLionProjects/untitled/Student.h,,15,25,Changes
2023-05-03T17:01:38.782+09:00,user,Action,EditorLeft,untitled,Editor,C:/Users/user/CLionProjects/untitled/Student.h,,15,29,Changes
2023-05-03T17:01:38.788+09:00,user,KeyEvent,65535:37:0,untitled,Editor,C:/Users/user/CLionProjects/untitled/Student.h,,15,28,Changes
2023-05-03T17:01:39.123+09:00,user,Action,EditorLeft,untitled,Editor,C:/Users/user/CLionProjects/untitled/Student.h,,15,28,Changes
2023-05-03T17:01:39.124+09:00,user,KeyEvent,65535:37:0,untitled,Editor,C:/Users/user/CLionProjects/untitled/Student.h,,15,27,Changes
2023-05-03T17:01:39.288+09:00,user,Action,EditorLeft,untitled,Editor,C:/Users/user/CLionProjects/untitled/Student.h,,15,27,Changes
2023-05-03T17:01:39.288+09:00,user,KeyEvent,65535:37:0,untitled,Editor,C:/Users/user/CLionProjects/untitled/Student.h,,15,26,Changes
2023-05-03T17:01:39.452+09:00,user,Action,EditorLeft,untitled,Editor,C:/Users/user/CLionProjects/untitled/Student.h,,15,26,Changes
2023-05-03T17:01:39.455+09:00,user,KeyEvent,65535:37:0,untitled,Editor,C:/Users/user/CLionProjects/untitled/Student.h,,15,25,Changes
2023-05-03T17:01:39.612+09:00,user,Action,EditorLeft,untitled,Editor,C:/Users/user/CLionProjects/untitled/Student.h,,15,25,Changes
2023-05-03T17:01:39.615+09:00,user,KeyEvent,65535:37:0,untitled,Editor,C:/Users/user/CLionProjects/untitled/Student.h,,15,24,Changes
2023-05-03T17:01:39.770+09:00,user,Action,EditorLeft,untitled,Editor,C:/Users/user/CLionProjects/untitled/Student.h,,15,24,Changes
2023-05-03T17:01:39.771+09:00,user,KeyEvent,65535:37:0,untitled,Editor,C:/Users/user/CLionProjects/untitled/Student.h,,15,23,Changes
2023-05-03T17:01:39.966+09:00,user,Action,EditorLeft,untitled,Editor,C:/Users/user/CLionProjects/untitled/Student.h,,15,23,Changes
2023-05-03T17:01:39.967+09:00,user,KeyEvent,65535:37:0,untitled,Editor,C:/Users/user/CLionProjects/untitled/Student.h,,15,22,Changes
2023-05-03T17:01:40.798+09:00,user,Action,EditorLeft,untitled,Editor,C:/Users/user/CLionProjects/untitled/Student.h,,15,22,Changes
2023-05-03T17:01:40.801+09:00,user,KeyEvent,65535:37:0,untitled,Editor,C:/Users/user/CLionProjects/untitled/Student.h,,15,21,Changes
2023-05-03T17:01:41.810+09:00,user,KeyEvent,59:59:0,untitled,Editor,C:/Users/user/CLionProjects/untitled/Student.h,,15,21,Changes
2023-05-03T17:01:42.353+09:00,user,Action,EditorEnter,untitled,Editor,C:/Users/user/CLionProjects/untitled/Student.h,,15,22,Changes
2023-05-03T17:01:42.360+09:00,user,KeyEvent,10:10:0,untitled,Editor,C:/Users/user/CLionProjects/untitled/Student.h,,16,8,Changes
2023-05-03T17:01:43.157+09:00,user,KeyEvent,111:79:0,untitled,Editor,C:/Users/user/CLionProjects/untitled/Student.h,,16,8,Changes
2023-05-03T17:01:43.269+09:00,user,KeyEvent,115:83:0,untitled,Editor,C:/Users/user/CLionProjects/untitled/Student.h,,16,9,Changes
2023-05-03T17:01:43.583+09:00,user,KeyEvent,32:32:0,untitled,Editor,C:/Users/user/CLionProjects/untitled/Student.h,,16,10,Changes
2023-05-03T17:01:46.402+09:00,user,Action,Run,untitled,Editor,C:/Users/user/CLionProjects/untitled/Student.h,,16,11,Changes
2023-05-03T17:01:47.945+09:00,user,Execution,Run:'CMake Application: untitled':C:\Users\user\CLionProjects\untitled\cmake-build-debug\untitled.exe,untitled,Editor,C:/Users/user/CLionProjects/untitled/Student.h,,16,11,Changes
2023-05-03T17:01:51.442+09:00,user,KeyEvent,59:59:0,untitled,Editor,C:/Users/user/CLionProjects/untitled/Student.h,,16,20,Changes
2023-05-03T17:01:51.919+09:00,user,Action,EditorEnter,untitled,Editor,C:/Users/user/CLionProjects/untitled/Student.h,,16,21,Changes
2023-05-03T17:01:51.942+09:00,user,KeyEvent,10:10:0,untitled,Editor,C:/Users/user/CLionProjects/untitled/Student.h,,17,8,Changes
2023-05-03T17:01:52.468+09:00,user,KeyEvent,111:79:0,untitled,Editor,C:/Users/user/CLionProjects/untitled/Student.h,,17,8,Changes
2023-05-03T17:01:52.686+09:00,user,KeyEvent,115:83:0,untitled,Editor,C:/Users/user/CLionProjects/untitled/Student.h,,17,9,Changes
2023-05-03T17:01:52.849+09:00,user,KeyEvent,32:32:0,untitled,Editor,C:/Users/user/CLionProjects/untitled/Student.h,,17,10,Changes
2023-05-03T17:01:54.433+09:00,user,Action,Run,untitled,Editor,C:/Users/user/CLionProjects/untitled/Student.h,,17,11,Changes
2023-05-03T17:01:56.139+09:00,user,Execution,Run:'CMake Application: untitled':C:\Users\user\CLionProjects\untitled\cmake-build-debug\untitled.exe,untitled,Editor,C:/Users/user/CLionProjects/untitled/Student.h,,17,11,Changes
2023-05-03T17:01:58.359+09:00,user,KeyEvent,65535:17:2,untitled,Editor,C:/Users/user/CLionProjects/untitled/Student.h,,17,11,Changes
2023-05-03T17:01:58.480+09:00,user,Action,$Undo,untitled,Editor,C:/Users/user/CLionProjects/untitled/Student.h,,17,11,Changes
2023-05-03T17:01:58.484+09:00,user,KeyEvent,26:90:2,untitled,Editor,C:/Users/user/CLionProjects/untitled/Student.h,,17,8,Changes
2023-05-03T17:01:58.672+09:00,user,Action,$Undo,untitled,Editor,C:/Users/user/CLionProjects/untitled/Student.h,,17,8,Changes
2023-05-03T17:01:58.684+09:00,user,KeyEvent,26:90:2,untitled,Editor,C:/Users/user/CLionProjects/untitled/Student.h,,16,21,Changes
2023-05-03T17:01:58.853+09:00,user,Action,$Undo,untitled,Editor,C:/Users/user/CLionProjects/untitled/Student.h,,16,21,Changes
2023-05-03T17:01:58.892+09:00,user,KeyEvent,26:90:2,untitled,Editor,C:/Users/user/CLionProjects/untitled/Student.h,,16,20,Changes
2023-05-03T17:01:59.131+09:00,user,Action,$Undo,untitled,Editor,C:/Users/user/CLionProjects/untitled/Student.h,,16,20,Changes
2023-05-03T17:01:59.133+09:00,user,KeyEvent,26:90:2,untitled,Editor,C:/Users/user/CLionProjects/untitled/Student.h,,16,11,Changes
2023-05-03T17:01:59.445+09:00,user,Action,$Undo,untitled,Editor,C:/Users/user/CLionProjects/untitled/Student.h,,16,11,Changes
2023-05-03T17:01:59.450+09:00,user,KeyEvent,26:90:2,untitled,Editor,C:/Users/user/CLionProjects/untitled/Student.h,,16,8,Changes
2023-05-03T17:01:59.826+09:00,user,Action,$Undo,untitled,Editor,C:/Users/user/CLionProjects/untitled/Student.h,,16,8,Changes
2023-05-03T17:01:59.836+09:00,user,KeyEvent,26:90:2,untitled,Editor,C:/Users/user/CLionProjects/untitled/Student.h,,15,22,Changes
2023-05-03T17:02:00.373+09:00,user,Action,$Undo,untitled,Editor,C:/Users/user/CLionProjects/untitled/Student.h,,15,22,Changes
2023-05-03T17:02:00.390+09:00,user,KeyEvent,26:90:2,untitled,Editor,C:/Users/user/CLionProjects/untitled/Student.h,,15,21,Changes
2023-05-03T17:02:18.859+09:00,user,KeyEvent,65535:17:2,untitled,Editor,C:/Users/user/CLionProjects/untitled/Student.h,,3,0,Changes
2023-05-03T17:02:18.985+09:00,user,Action,EditorCopy,untitled,Editor,C:/Users/user/CLionProjects/untitled/Student.h,,3,0,Changes
2023-05-03T17:02:19.006+09:00,user,KeyEvent,3:67:2,untitled,Editor,C:/Users/user/CLionProjects/untitled/Student.h,,3,0,Changes
2023-05-03T17:02:38.697+09:00,user,KeyEvent,65535:17:2,untitled,Editor,C:/Users/user/CLionProjects/untitled/main.cpp,,4,0,Changes
2023-05-03T17:02:39.386+09:00,user,KeyEvent,65535:17:2,untitled,Editor,C:/Users/user/CLionProjects/untitled/main.cpp,,4,0,Changes
2023-05-03T17:02:39.530+09:00,user,Action,EditorCopy,untitled,Editor,C:/Users/user/CLionProjects/untitled/main.cpp,,4,0,Changes
2023-05-03T17:02:39.552+09:00,user,KeyEvent,3:67:2,untitled,Editor,C:/Users/user/CLionProjects/untitled/main.cpp,,4,0,Changes
2023-05-03T17:02:59.043+09:00,user,KeyEvent,65535:17:2,untitled,Editor,C:/Users/user/CLionProjects/untitled/main.cpp,,11,1,Changes
2023-05-03T17:02:59.176+09:00,user,Action,EditorCopy,untitled,Editor,C:/Users/user/CLionProjects/untitled/main.cpp,,11,1,Changes
2023-05-03T17:02:59.182+09:00,user,KeyEvent,3:67:2,untitled,Editor,C:/Users/user/CLionProjects/untitled/main.cpp,,11,1,Changes
2023-05-03T17:04:09.537+09:00,user,Action,EditorEnter,untitled,Editor,C:/Users/user/CLionProjects/untitled/main.cpp,,4,12,Changes
2023-05-03T17:04:09.561+09:00,user,KeyEvent,10:10:0,untitled,Editor,C:/Users/user/CLionProjects/untitled/main.cpp,,5,4,Changes
2023-05-03T17:04:09.647+09:00,user,KeyEvent,65535:17:2,untitled,Editor,C:/Users/user/CLionProjects/untitled/main.cpp,,5,4,Changes
2023-05-03T17:04:09.711+09:00,user,Action,EditorPaste,untitled,Editor,C:/Users/user/CLionProjects/untitled/main.cpp,,5,4,Changes
2023-05-03T17:04:09.729+09:00,user,KeyEvent,22:86:2,untitled,Editor,C:/Users/user/CLionProjects/untitled/main.cpp,,5,62,Changes
2023-05-03T17:04:11.184+09:00,user,Action,Run,untitled,Editor,C:/Users/user/CLionProjects/untitled/main.cpp,,5,62,Changes
2023-05-03T17:04:12.841+09:00,user,Execution,Run:'CMake Application: untitled':C:\Users\user\CLionProjects\untitled\cmake-build-debug\untitled.exe,untitled,Editor,C:/Users/user/CLionProjects/untitled/main.cpp,,5,62,Changes
2023-05-03T17:04:23.976+09:00,user,KeyEvent,65535:17:2,untitled,Editor,C:/Users/user/CLionProjects/untitled/main.cpp,,5,62,Changes
2023-05-03T17:04:24.103+09:00,user,Action,EditorCopy,untitled,Editor,C:/Users/user/CLionProjects/untitled/main.cpp,,5,62,Changes
2023-05-03T17:04:24.109+09:00,user,KeyEvent,3:67:2,untitled,Editor,C:/Users/user/CLionProjects/untitled/main.cpp,,5,62,Changes
2023-05-03T17:05:11.949+09:00,user,Action,EditorEnter,untitled,Editor,C:/Users/user/CLionProjects/untitled/Student.h,,5,16,Changes
2023-05-03T17:05:11.957+09:00,user,KeyEvent,10:10:0,untitled,Editor,C:/Users/user/CLionProjects/untitled/Student.h,,6,0,Changes
2023-05-03T17:05:12.123+09:00,user,KeyEvent,65535:16:1,untitled,Editor,C:/Users/user/CLionProjects/untitled/Student.h,,6,0,Changes
2023-05-03T17:05:12.218+09:00,user,KeyEvent,35:51:1,untitled,Editor,C:/Users/user/CLionProjects/untitled/Student.h,,6,0,Changes
2023-05-03T17:05:12.503+09:00,user,KeyEvent,105:73:0,untitled,Editor,C:/Users/user/CLionProjects/untitled/Student.h,,6,1,Changes
2023-05-03T17:05:12.624+09:00,user,KeyEvent,110:78:0,untitled,Editor,C:/Users/user/CLionProjects/untitled/Student.h,,6,2,Changes
2023-05-03T17:05:12.751+09:00,user,KeyEvent,99:67:0,untitled,Editor,C:/Users/user/CLionProjects/untitled/Student.h,,6,3,Changes
2023-05-03T17:05:12.804+09:00,user,KeyEvent,108:76:0,untitled,Editor,C:/Users/user/CLionProjects/untitled/Student.h,,6,4,Changes
2023-05-03T17:05:12.956+09:00,user,KeyEvent,117:85:0,untitled,Editor,C:/Users/user/CLionProjects/untitled/Student.h,,6,5,Changes
2023-05-03T17:05:13.038+09:00,user,KeyEvent,100:68:0,untitled,Editor,C:/Users/user/CLionProjects/untitled/Student.h,,6,6,Changes
2023-05-03T17:05:13.179+09:00,user,KeyEvent,101:69:0,untitled,Editor,C:/Users/user/CLionProjects/untitled/Student.h,,6,7,Changes
2023-05-03T17:05:13.283+09:00,user,KeyEvent,32:32:0,untitled,Editor,C:/Users/user/CLionProjects/untitled/Student.h,,6,8,Changes
2023-05-03T17:05:13.441+09:00,user,KeyEvent,65535:16:1,untitled,Editor,C:/Users/user/CLionProjects/untitled/Student.h,,6,9,Changes
2023-05-03T17:05:13.530+09:00,user,KeyEvent,60:44:1,untitled,Editor,C:/Users/user/CLionProjects/untitled/Student.h,,6,9,Changes
2023-05-03T17:05:13.756+09:00,user,KeyEvent,108:76:0,untitled,Editor,C:/Users/user/CLionProjects/untitled/Student.h,,6,10,Changes
2023-05-03T17:05:13.942+09:00,user,KeyEvent,111:79:0,untitled,Editor,C:/Users/user/CLionProjects/untitled/Student.h,,6,11,Changes
2023-05-03T17:05:14.042+09:00,user,KeyEvent,99:67:0,untitled,Editor,C:/Users/user/CLionProjects/untitled/Student.h,,6,12,Changes
2023-05-03T17:05:14.175+09:00,user,KeyEvent,97:65:0,untitled,Editor,C:/Users/user/CLionProjects/untitled/Student.h,,6,13,Changes
2023-05-03T17:05:14.337+09:00,user,KeyEvent,108:76:0,untitled,Editor,C:/Users/user/CLionProjects/untitled/Student.h,,6,14,Changes
2023-05-03T17:05:14.458+09:00,user,KeyEvent,101:69:0,untitled,Editor,C:/Users/user/CLionProjects/untitled/Student.h,,6,15,Changes
2023-05-03T17:05:14.794+09:00,user,KeyEvent,65535:16:1,untitled,Editor,C:/Users/user/CLionProjects/untitled/Student.h,,6,16,Changes
2023-05-03T17:05:15.292+09:00,user,KeyEvent,65535:16:1,untitled,Editor,C:/Users/user/CLionProjects/untitled/Student.h,,6,16,Changes
2023-05-03T17:05:15.320+09:00,user,KeyEvent,65535:16:1,untitled,Editor,C:/Users/user/CLionProjects/untitled/Student.h,,6,16,Changes
2023-05-03T17:05:15.351+09:00,user,KeyEvent,65535:16:1,untitled,Editor,C:/Users/user/CLionProjects/untitled/Student.h,,6,16,Changes
2023-05-03T17:05:15.380+09:00,user,KeyEvent,65535:16:1,untitled,Editor,C:/Users/user/CLionProjects/untitled/Student.h,,6,16,Changes
2023-05-03T17:05:15.410+09:00,user,KeyEvent,65535:16:1,untitled,Editor,C:/Users/user/CLionProjects/untitled/Student.h,,6,16,Changes
2023-05-03T17:05:15.440+09:00,user,KeyEvent,65535:16:1,untitled,Editor,C:/Users/user/CLionProjects/untitled/Student.h,,6,16,Changes
2023-05-03T17:05:15.448+09:00,user,KeyEvent,62:46:1,untitled,Editor,C:/Users/user/CLionProjects/untitled/Student.h,,6,16,Changes
2023-05-03T17:05:20.395+09:00,user,Action,Run,untitled,Editor,C:/Users/user/CLionProjects/untitled/Student.h,,5,16,Changes
2023-05-03T17:05:21.951+09:00,user,Execution,Run:'CMake Application: untitled':C:\Users\user\CLionProjects\untitled\cmake-build-debug\untitled.exe,untitled,Editor,C:/Users/user/CLionProjects/untitled/Student.h,,5,16,Changes
2023-05-03T17:05:49.335+09:00,user,KeyEvent,65535:17:2,untitled,Editor,C:/Users/user/CLionProjects/untitled/main.cpp,,5,4,Changes
2023-05-03T17:05:49.422+09:00,user,Action,EditorPaste,untitled,Editor,C:/Users/user/CLionProjects/untitled/main.cpp,,5,4,Changes
2023-05-03T17:05:49.466+09:00,user,KeyEvent,22:86:2,untitled,Editor,C:/Users/user/CLionProjects/untitled/main.cpp,,6,35,Changes
2023-05-03T17:05:50.892+09:00,user,Action,Run,untitled,Editor,C:/Users/user/CLionProjects/untitled/main.cpp,,4,12,Changes
2023-05-03T17:05:52.631+09:00,user,Execution,Run:'CMake Application: untitled':C:\Users\user\CLionProjects\untitled\cmake-build-debug\untitled.exe,untitled,Editor,C:/Users/user/CLionProjects/untitled/main.cpp,,4,12,Changes
2023-05-03T17:05:59.188+09:00,user,Action,EditorBackSpace,untitled,Editor,C:/Users/user/CLionProjects/untitled/main.cpp,,5,4,Changes
2023-05-03T17:05:59.198+09:00,user,KeyEvent,8:8:0,untitled,Editor,C:/Users/user/CLionProjects/untitled/main.cpp,,5,4,Changes
2023-05-03T17:05:59.772+09:00,user,Action,EditorBackSpace,untitled,Editor,C:/Users/user/CLionProjects/untitled/main.cpp,,5,4,Changes
2023-05-03T17:05:59.790+09:00,user,KeyEvent,8:8:0,untitled,Editor,C:/Users/user/CLionProjects/untitled/main.cpp,,4,12,Changes
2023-05-03T17:06:01.610+09:00,user,Action,EditorBackSpace,untitled,Editor,C:/Users/user/CLionProjects/untitled/main.cpp,,6,0,Changes
2023-05-03T17:06:01.622+09:00,user,KeyEvent,8:8:0,untitled,Editor,C:/Users/user/CLionProjects/untitled/main.cpp,,5,173,Changes
2023-05-03T17:06:05.490+09:00,user,Action,EditorBackSpace,untitled,Editor,C:/Users/user/CLionProjects/untitled/Student.h,,6,0,Changes
2023-05-03T17:06:05.499+09:00,user,KeyEvent,8:8:0,untitled,Editor,C:/Users/user/CLionProjects/untitled/Student.h,,6,0,Changes
2023-05-03T17:06:08.598+09:00,user,Action,EditorBackSpace,untitled,Editor,C:/Users/user/CLionProjects/untitled/Student.h,,15,0,Changes
2023-05-03T17:06:08.610+09:00,user,KeyEvent,8:8:0,untitled,Editor,C:/Users/user/CLionProjects/untitled/Student.h,,14,74,Changes
2023-05-03T17:06:54.699+09:00,user,Action,CPP.NewHeaderFile,untitled,Editor,C:/Users/user/CLionProjects/untitled/Student.h,,14,74,Changes
2023-05-03T17:06:56.143+09:00,user,KeyEvent,10:10:0,untitled,Editor,C:/Users/user/CLionProjects/untitled/Student.h,,14,74,Changes
2023-05-03T17:06:56.289+09:00,user,KeyEvent,100:68:0,untitled,Editor,C:/Users/user/CLionProjects/untitled/Student.h,,14,74,Changes
2023-05-03T17:06:56.866+09:00,user,KeyEvent,111:79:0,untitled,Editor,C:/Users/user/CLionProjects/untitled/Student.h,,14,74,Changes
2023-05-03T17:06:57.325+09:00,user,KeyEvent,108:76:0,untitled,Editor,C:/Users/user/CLionProjects/untitled/Student.h,,14,74,Changes
2023-05-03T17:06:57.476+09:00,user,KeyEvent,108:76:0,untitled,Editor,C:/Users/user/CLionProjects/untitled/Student.h,,14,74,Changes
2023-05-03T17:06:57.608+09:00,user,KeyEvent,97:65:0,untitled,Editor,C:/Users/user/CLionProjects/untitled/Student.h,,14,74,Changes
2023-05-03T17:06:57.763+09:00,user,KeyEvent,114:82:0,untitled,Editor,C:/Users/user/CLionProjects/untitled/Student.h,,14,74,Changes
2023-05-03T17:06:57.952+09:00,user,KeyEvent,115:83:0,untitled,Editor,C:/Users/user/CLionProjects/untitled/Student.h,,14,74,Changes
2023-05-03T17:06:58.264+09:00,user,KeyEvent,65535:16:1,untitled,Editor,C:/Users/user/CLionProjects/untitled/Student.h,,14,74,Changes
2023-05-03T17:06:59.638+09:00,user,Action,EditorBackSpace,untitled,Editor,C:/Users/user/CLionProjects/untitled/Student.h,,14,74,Changes
2023-05-03T17:06:59.655+09:00,user,KeyEvent,8:8:0,untitled,Editor,C:/Users/user/CLionProjects/untitled/Student.h,,14,74,Changes
2023-05-03T17:07:00.136+09:00,user,Action,EditorBackSpace,untitled,Editor,C:/Users/user/CLionProjects/untitled/Student.h,,14,74,Changes
2023-05-03T17:07:00.136+09:00,user,KeyEvent,8:8:0,untitled,Editor,C:/Users/user/CLionProjects/untitled/Student.h,,14,74,Changes
2023-05-03T17:07:00.163+09:00,user,Action,EditorBackSpace,untitled,Editor,C:/Users/user/CLionProjects/untitled/Student.h,,14,74,Changes
2023-05-03T17:07:00.164+09:00,user,KeyEvent,8:8:0,untitled,Editor,C:/Users/user/CLionProjects/untitled/Student.h,,14,74,Changes
2023-05-03T17:07:00.194+09:00,user,Action,EditorBackSpace,untitled,Editor,C:/Users/user/CLionProjects/untitled/Student.h,,14,74,Changes
2023-05-03T17:07:00.197+09:00,user,KeyEvent,8:8:0,untitled,Editor,C:/Users/user/CLionProjects/untitled/Student.h,,14,74,Changes
2023-05-03T17:07:00.224+09:00,user,Action,EditorBackSpace,untitled,Editor,C:/Users/user/CLionProjects/untitled/Student.h,,14,74,Changes
2023-05-03T17:07:00.225+09:00,user,KeyEvent,8:8:0,untitled,Editor,C:/Users/user/CLionProjects/untitled/Student.h,,14,74,Changes
2023-05-03T17:07:00.255+09:00,user,Action,EditorBackSpace,untitled,Editor,C:/Users/user/CLionProjects/untitled/Student.h,,14,74,Changes
2023-05-03T17:07:00.256+09:00,user,KeyEvent,8:8:0,untitled,Editor,C:/Users/user/CLionProjects/untitled/Student.h,,14,74,Changes
2023-05-03T17:07:00.285+09:00,user,Action,EditorBackSpace,untitled,Editor,C:/Users/user/CLionProjects/untitled/Student.h,,14,74,Changes
2023-05-03T17:07:00.289+09:00,user,KeyEvent,8:8:0,untitled,Editor,C:/Users/user/CLionProjects/untitled/Student.h,,14,74,Changes
2023-05-03T17:07:00.316+09:00,user,Action,EditorBackSpace,untitled,Editor,C:/Users/user/CLionProjects/untitled/Student.h,,14,74,Changes
2023-05-03T17:07:00.317+09:00,user,KeyEvent,8:8:0,untitled,Editor,C:/Users/user/CLionProjects/untitled/Student.h,,14,74,Changes
2023-05-03T17:07:00.345+09:00,user,Action,EditorBackSpace,untitled,Editor,C:/Users/user/CLionProjects/untitled/Student.h,,14,74,Changes
2023-05-03T17:07:00.346+09:00,user,KeyEvent,8:8:0,untitled,Editor,C:/Users/user/CLionProjects/untitled/Student.h,,14,74,Changes
2023-05-03T17:07:00.375+09:00,user,Action,EditorBackSpace,untitled,Editor,C:/Users/user/CLionProjects/untitled/Student.h,,14,74,Changes
2023-05-03T17:07:00.376+09:00,user,KeyEvent,8:8:0,untitled,Editor,C:/Users/user/CLionProjects/untitled/Student.h,,14,74,Changes
2023-05-03T17:07:00.405+09:00,user,Action,EditorBackSpace,untitled,Editor,C:/Users/user/CLionProjects/untitled/Student.h,,14,74,Changes
2023-05-03T17:07:00.406+09:00,user,KeyEvent,8:8:0,untitled,Editor,C:/Users/user/CLionProjects/untitled/Student.h,,14,74,Changes
2023-05-03T17:07:00.435+09:00,user,Action,EditorBackSpace,untitled,Editor,C:/Users/user/CLionProjects/untitled/Student.h,,14,74,Changes
2023-05-03T17:07:00.437+09:00,user,KeyEvent,8:8:0,untitled,Editor,C:/Users/user/CLionProjects/untitled/Student.h,,14,74,Changes
2023-05-03T17:07:00.464+09:00,user,Action,EditorBackSpace,untitled,Editor,C:/Users/user/CLionProjects/untitled/Student.h,,14,74,Changes
2023-05-03T17:07:00.467+09:00,user,KeyEvent,8:8:0,untitled,Editor,C:/Users/user/CLionProjects/untitled/Student.h,,14,74,Changes
2023-05-03T17:07:00.494+09:00,user,Action,EditorBackSpace,untitled,Editor,C:/Users/user/CLionProjects/untitled/Student.h,,14,74,Changes
2023-05-03T17:07:00.496+09:00,user,KeyEvent,8:8:0,untitled,Editor,C:/Users/user/CLionProjects/untitled/Student.h,,14,74,Changes
2023-05-03T17:07:02.246+09:00,user,KeyEvent,65535:16:1,untitled,Editor,C:/Users/user/CLionProjects/untitled/Student.h,,14,74,Changes
2023-05-03T17:07:02.351+09:00,user,KeyEvent,100:68:0,untitled,Editor,C:/Users/user/CLionProjects/untitled/Student.h,,14,74,Changes
2023-05-03T17:07:02.560+09:00,user,KeyEvent,111:79:0,untitled,Editor,C:/Users/user/CLionProjects/untitled/Student.h,,14,74,Changes
2023-05-03T17:07:03.238+09:00,user,Action,EditorBackSpace,untitled,Editor,C:/Users/user/CLionProjects/untitled/Student.h,,14,74,Changes
2023-05-03T17:07:03.239+09:00,user,KeyEvent,8:8:0,untitled,Editor,C:/Users/user/CLionProjects/untitled/Student.h,,14,74,Changes
2023-05-03T17:07:03.404+09:00,user,Action,EditorBackSpace,untitled,Editor,C:/Users/user/CLionProjects/untitled/Student.h,,14,74,Changes
2023-05-03T17:07:03.407+09:00,user,KeyEvent,8:8:0,untitled,Editor,C:/Users/user/CLionProjects/untitled/Student.h,,14,74,Changes
2023-05-03T17:07:03.596+09:00,user,KeyEvent,65535:16:1,untitled,Editor,C:/Users/user/CLionProjects/untitled/Student.h,,14,74,Changes
2023-05-03T17:07:03.680+09:00,user,KeyEvent,68:68:1,untitled,Editor,C:/Users/user/CLionProjects/untitled/Student.h,,14,74,Changes
2023-05-03T17:07:04.441+09:00,user,KeyEvent,111:79:0,untitled,Editor,C:/Users/user/CLionProjects/untitled/Student.h,,14,74,Changes
2023-05-03T17:07:05.396+09:00,user,KeyEvent,108:76:0,untitled,Editor,C:/Users/user/CLionProjects/untitled/Student.h,,14,74,Changes
2023-05-03T17:07:05.561+09:00,user,KeyEvent,108:76:0,untitled,Editor,C:/Users/user/CLionProjects/untitled/Student.h,,14,74,Changes
2023-05-03T17:07:05.707+09:00,user,KeyEvent,97:65:0,untitled,Editor,C:/Users/user/CLionProjects/untitled/Student.h,,14,74,Changes
2023-05-03T17:07:05.882+09:00,user,KeyEvent,114:82:0,untitled,Editor,C:/Users/user/CLionProjects/untitled/Student.h,,14,74,Changes
2023-05-03T17:07:06.097+09:00,user,KeyEvent,115:83:0,untitled,Editor,C:/Users/user/CLionProjects/untitled/Student.h,,14,74,Changes
2023-05-03T17:07:06.573+09:00,user,KeyEvent,46:46:0,untitled,Editor,C:/Users/user/CLionProjects/untitled/Student.h,,14,74,Changes
2023-05-03T17:07:06.683+09:00,user,KeyEvent,104:72:0,untitled,Editor,C:/Users/user/CLionProjects/untitled/Student.h,,14,74,Changes
2023-05-03T17:07:07.755+09:00,user,KeyEvent,10:10:0,untitled,Editor,C:/Users/user/CLionProjects/untitled/Student.h,,14,74,Changes
2023-05-03T17:07:17.973+09:00,user,Action,CPP.NewHeaderFile,untitled,Editor,C:/Users/user/CLionProjects/untitled/Dollars.h,,0,0,Changes
2023-05-03T17:07:19.446+09:00,user,KeyEvent,10:10:0,untitled,Editor,C:/Users/user/CLionProjects/untitled/Dollars.h,,0,0,Changes
2023-05-03T17:07:19.676+09:00,user,KeyEvent,99:67:0,untitled,Editor,C:/Users/user/CLionProjects/untitled/Dollars.h,,0,0,Changes
2023-05-03T17:07:20.354+09:00,user,KeyEvent,101:69:0,untitled,Editor,C:/Users/user/CLionProjects/untitled/Dollars.h,,0,0,Changes
2023-05-03T17:07:20.619+09:00,user,KeyEvent,106:74:0,untitled,Editor,C:/Users/user/CLionProjects/untitled/Dollars.h,,0,0,Changes
2023-05-03T17:07:20.850+09:00,user,KeyEvent,116:84:0,untitled,Editor,C:/Users/user/CLionProjects/untitled/Dollars.h,,0,0,Changes
2023-05-03T17:07:21.070+09:00,user,KeyEvent,115:83:0,untitled,Editor,C:/Users/user/CLionProjects/untitled/Dollars.h,,0,0,Changes
2023-05-03T17:07:21.569+09:00,user,KeyEvent,46:46:0,untitled,Editor,C:/Users/user/CLionProjects/untitled/Dollars.h,,0,0,Changes
2023-05-03T17:07:21.822+09:00,user,KeyEvent,104:72:0,untitled,Editor,C:/Users/user/CLionProjects/untitled/Dollars.h,,0,0,Changes
2023-05-03T17:07:22.711+09:00,user,Action,EditorBackSpace,untitled,Editor,C:/Users/user/CLionProjects/untitled/Dollars.h,,0,0,Changes
2023-05-03T17:07:22.717+09:00,user,KeyEvent,8:8:0,untitled,Editor,C:/Users/user/CLionProjects/untitled/Dollars.h,,0,0,Changes
2023-05-03T17:07:22.902+09:00,user,Action,EditorBackSpace,untitled,Editor,C:/Users/user/CLionProjects/untitled/Dollars.h,,0,0,Changes
2023-05-03T17:07:22.905+09:00,user,KeyEvent,8:8:0,untitled,Editor,C:/Users/user/CLionProjects/untitled/Dollars.h,,0,0,Changes
2023-05-03T17:07:23.630+09:00,user,Action,EditorBackSpace,untitled,Editor,C:/Users/user/CLionProjects/untitled/Dollars.h,,0,0,Changes
2023-05-03T17:07:23.631+09:00,user,KeyEvent,8:8:0,untitled,Editor,C:/Users/user/CLionProjects/untitled/Dollars.h,,0,0,Changes
2023-05-03T17:07:23.797+09:00,user,Action,EditorBackSpace,untitled,Editor,C:/Users/user/CLionProjects/untitled/Dollars.h,,0,0,Changes
2023-05-03T17:07:23.798+09:00,user,KeyEvent,8:8:0,untitled,Editor,C:/Users/user/CLionProjects/untitled/Dollars.h,,0,0,Changes
2023-05-03T17:07:23.947+09:00,user,Action,EditorBackSpace,untitled,Editor,C:/Users/user/CLionProjects/untitled/Dollars.h,,0,0,Changes
2023-05-03T17:07:23.948+09:00,user,KeyEvent,8:8:0,untitled,Editor,C:/Users/user/CLionProjects/untitled/Dollars.h,,0,0,Changes
2023-05-03T17:07:24.092+09:00,user,Action,EditorBackSpace,untitled,Editor,C:/Users/user/CLionProjects/untitled/Dollars.h,,0,0,Changes
2023-05-03T17:07:24.093+09:00,user,KeyEvent,8:8:0,untitled,Editor,C:/Users/user/CLionProjects/untitled/Dollars.h,,0,0,Changes
2023-05-03T17:07:24.227+09:00,user,Action,EditorBackSpace,untitled,Editor,C:/Users/user/CLionProjects/untitled/Dollars.h,,0,0,Changes
2023-05-03T17:07:24.232+09:00,user,KeyEvent,8:8:0,untitled,Editor,C:/Users/user/CLionProjects/untitled/Dollars.h,,0,0,Changes
2023-05-03T17:07:24.497+09:00,user,KeyEvent,65535:16:1,untitled,Editor,C:/Users/user/CLionProjects/untitled/Dollars.h,,0,0,Changes
2023-05-03T17:07:24.626+09:00,user,KeyEvent,67:67:1,untitled,Editor,C:/Users/user/CLionProjects/untitled/Dollars.h,,0,0,Changes
2023-05-03T17:07:25.455+09:00,user,KeyEvent,101:69:0,untitled,Editor,C:/Users/user/CLionProjects/untitled/Dollars.h,,0,0,Changes
2023-05-03T17:07:25.554+09:00,user,KeyEvent,110:78:0,untitled,Editor,C:/Users/user/CLionProjects/untitled/Dollars.h,,0,0,Changes
2023-05-03T17:07:25.647+09:00,user,KeyEvent,116:84:0,untitled,Editor,C:/Users/user/CLionProjects/untitled/Dollars.h,,0,0,Changes
2023-05-03T17:07:25.807+09:00,user,KeyEvent,115:83:0,untitled,Editor,C:/Users/user/CLionProjects/untitled/Dollars.h,,0,0,Changes
2023-05-03T17:07:26.831+09:00,user,KeyEvent,10:10:0,untitled,Editor,C:/Users/user/CLionProjects/untitled/Dollars.h,,0,0,Changes
2023-05-03T17:07:29.318+09:00,user,Action,EditorBackSpace,untitled,Editor,C:/Users/user/CLionProjects/untitled/Cents.h,,0,0,Changes
2023-05-03T17:07:29.322+09:00,user,KeyEvent,8:8:0,untitled,Editor,C:/Users/user/CLionProjects/untitled/Cents.h,,0,0,Changes
2023-05-03T17:07:29.783+09:00,user,Action,EditorDown,untitled,Editor,C:/Users/user/CLionProjects/untitled/Cents.h,,0,0,Changes
2023-05-03T17:07:29.785+09:00,user,KeyEvent,65535:40:0,untitled,Editor,C:/Users/user/CLionProjects/untitled/Cents.h,,1,0,Changes
2023-05-03T17:07:30.030+09:00,user,Action,EditorBackSpace,untitled,Editor,C:/Users/user/CLionProjects/untitled/Cents.h,,1,0,Changes
2023-05-03T17:07:30.042+09:00,user,KeyEvent,8:8:0,untitled,Editor,C:/Users/user/CLionProjects/untitled/Cents.h,,0,0,Changes
2023-05-03T17:07:33.299+09:00,user,Action,EditorBackSpace,untitled,Editor,C:/Users/user/CLionProjects/untitled/Dollars.h,,0,0,Changes
2023-05-03T17:07:33.309+09:00,user,KeyEvent,8:8:0,untitled,Editor,C:/Users/user/CLionProjects/untitled/Dollars.h,,0,0,Changes
2023-05-03T17:07:33.733+09:00,user,Action,EditorDown,untitled,Editor,C:/Users/user/CLionProjects/untitled/Dollars.h,,0,0,Changes
2023-05-03T17:07:33.734+09:00,user,KeyEvent,65535:40:0,untitled,Editor,C:/Users/user/CLionProjects/untitled/Dollars.h,,1,0,Changes
2023-05-03T17:07:33.872+09:00,user,Action,EditorBackSpace,untitled,Editor,C:/Users/user/CLionProjects/untitled/Dollars.h,,1,0,Changes
2023-05-03T17:07:33.886+09:00,user,KeyEvent,8:8:0,untitled,Editor,C:/Users/user/CLionProjects/untitled/Dollars.h,,0,0,Changes
2023-05-03T17:07:41.473+09:00,user,KeyEvent,65535:17:2,untitled,Editor,C:/Users/user/CLionProjects/untitled/main.cpp,,10,1,Changes
2023-05-03T17:07:41.564+09:00,user,Action,$SelectAll,untitled,Editor,C:/Users/user/CLionProjects/untitled/main.cpp,,10,1,Changes
2023-05-03T17:07:41.571+09:00,user,KeyEvent,1:65:2,untitled,Editor,C:/Users/user/CLionProjects/untitled/main.cpp,,10,1,Changes
2023-05-03T17:07:41.808+09:00,user,KeyEvent,65535:17:2,untitled,Editor,C:/Users/user/CLionProjects/untitled/main.cpp,,10,1,Changes
2023-05-03T17:07:41.917+09:00,user,Action,EditorPaste,untitled,Editor,C:/Users/user/CLionProjects/untitled/main.cpp,,10,1,Changes
2023-05-03T17:07:41.996+09:00,user,KeyEvent,22:86:2,untitled,Editor,C:/Users/user/CLionProjects/untitled/main.cpp,,7,1,Changes
2023-05-03T17:07:47.381+09:00,user,Action,EditorEnter,untitled,Editor,C:/Users/user/CLionProjects/untitled/Dollars.h,,2,0,Changes
2023-05-03T17:07:47.388+09:00,user,KeyEvent,10:10:0,untitled,Editor,C:/Users/user/CLionProjects/untitled/Dollars.h,,3,0,Changes
2023-05-03T17:07:47.945+09:00,user,Action,EditorEnter,untitled,Editor,C:/Users/user/CLionProjects/untitled/Dollars.h,,3,0,Changes
2023-05-03T17:07:48.022+09:00,user,KeyEvent,10:10:0,untitled,Editor,C:/Users/user/CLionProjects/untitled/Dollars.h,,4,0,Changes
2023-05-03T17:07:48.316+09:00,user,Action,EditorUp,untitled,Editor,C:/Users/user/CLionProjects/untitled/Dollars.h,,4,0,Changes
2023-05-03T17:07:48.320+09:00,user,KeyEvent,65535:38:0,untitled,Editor,C:/Users/user/CLionProjects/untitled/Dollars.h,,3,0,Changes
2023-05-03T17:07:48.972+09:00,user,KeyEvent,99:67:0,untitled,Editor,C:/Users/user/CLionProjects/untitled/Dollars.h,,3,0,Changes
2023-05-03T17:07:49.091+09:00,user,KeyEvent,108:76:0,untitled,Editor,C:/Users/user/CLionProjects/untitled/Dollars.h,,3,1,Changes
2023-05-03T17:07:49.121+09:00,user,KeyEvent,97:65:0,untitled,Editor,C:/Users/user/CLionProjects/untitled/Dollars.h,,3,2,Changes
2023-05-03T17:07:49.275+09:00,user,KeyEvent,115:83:0,untitled,Editor,C:/Users/user/CLionProjects/untitled/Dollars.h,,3,3,Changes
2023-05-03T17:07:49.473+09:00,user,KeyEvent,115:83:0,untitled,Editor,C:/Users/user/CLionProjects/untitled/Dollars.h,,3,4,Changes
2023-05-03T17:07:49.974+09:00,user,KeyEvent,32:32:0,untitled,Editor,C:/Users/user/CLionProjects/untitled/Dollars.h,,3,5,Changes
2023-05-03T17:07:50.157+09:00,user,KeyEvent,65535:16:1,untitled,Editor,C:/Users/user/CLionProjects/untitled/Dollars.h,,3,6,Changes
2023-05-03T17:07:50.332+09:00,user,KeyEvent,68:68:1,untitled,Editor,C:/Users/user/CLionProjects/untitled/Dollars.h,,3,6,Changes
2023-05-03T17:07:50.854+09:00,user,KeyEvent,111:79:0,untitled,Editor,C:/Users/user/CLionProjects/untitled/Dollars.h,,3,7,Changes
2023-05-03T17:07:51.117+09:00,user,KeyEvent,108:76:0,untitled,Editor,C:/Users/user/CLionProjects/untitled/Dollars.h,,3,8,Changes
2023-05-03T17:07:51.340+09:00,user,KeyEvent,108:76:0,untitled,Editor,C:/Users/user/CLionProjects/untitled/Dollars.h,,3,9,Changes
2023-05-03T17:07:51.811+09:00,user,KeyEvent,97:65:0,untitled,Editor,C:/Users/user/CLionProjects/untitled/Dollars.h,,3,10,Changes
2023-05-03T17:07:51.930+09:00,user,KeyEvent,114:82:0,untitled,Editor,C:/Users/user/CLionProjects/untitled/Dollars.h,,3,11,Changes
2023-05-03T17:07:53.382+09:00,user,KeyEvent,65535:16:1,untitled,Editor,C:/Users/user/CLionProjects/untitled/Dollars.h,,3,12,Changes
2023-05-03T17:07:53.454+09:00,user,KeyEvent,123:91:1,untitled,Editor,C:/Users/user/CLionProjects/untitled/Dollars.h,,3,12,Changes
2023-05-03T17:07:53.643+09:00,user,Action,EditorEnter,untitled,Editor,C:/Users/user/CLionProjects/untitled/Dollars.h,,3,13,Changes
2023-05-03T17:07:53.655+09:00,user,KeyEvent,10:10:0,untitled,Editor,C:/Users/user/CLionProjects/untitled/Dollars.h,,4,4,Changes
2023-05-03T17:07:58.376+09:00,user,KeyEvent,115:83:0,untitled,Editor,C:/Users/user/CLionProjects/untitled/Dollars.h,,3,12,Changes
2023-05-03T17:08:02.442+09:00,user,Action,EditorEnter,untitled,Editor,C:/Users/user/CLionProjects/untitled/Cents.h,,2,0,Changes
2023-05-03T17:08:02.446+09:00,user,KeyEvent,10:10:0,untitled,Editor,C:/Users/user/CLionProjects/untitled/Cents.h,,3,0,Changes
2023-05-03T17:08:02.594+09:00,user,Action,EditorEnter,untitled,Editor,C:/Users/user/CLionProjects/untitled/Cents.h,,3,0,Changes
2023-05-03T17:08:02.599+09:00,user,KeyEvent,10:10:0,untitled,Editor,C:/Users/user/CLionProjects/untitled/Cents.h,,4,0,Changes
2023-05-03T17:08:03.002+09:00,user,Action,EditorUp,untitled,Editor,C:/Users/user/CLionProjects/untitled/Cents.h,,4,0,Changes
2023-05-03T17:08:03.004+09:00,user,KeyEvent,65535:38:0,untitled,Editor,C:/Users/user/CLionProjects/untitled/Cents.h,,3,0,Changes
2023-05-03T17:08:03.601+09:00,user,KeyEvent,65535:16:1,untitled,Editor,C:/Users/user/CLionProjects/untitled/Cents.h,,3,0,Changes
2023-05-03T17:08:03.796+09:00,user,KeyEvent,67:67:1,untitled,Editor,C:/Users/user/CLionProjects/untitled/Cents.h,,3,0,Changes
2023-05-03T17:08:03.954+09:00,user,KeyEvent,108:76:0,untitled,Editor,C:/Users/user/CLionProjects/untitled/Cents.h,,3,1,Changes
2023-05-03T17:08:04.035+09:00,user,KeyEvent,97:65:0,untitled,Editor,C:/Users/user/CLionProjects/untitled/Cents.h,,3,2,Changes
2023-05-03T17:08:04.267+09:00,user,KeyEvent,115:83:0,untitled,Editor,C:/Users/user/CLionProjects/untitled/Cents.h,,3,3,Changes
2023-05-03T17:08:04.545+09:00,user,KeyEvent,115:83:0,untitled,Editor,C:/Users/user/CLionProjects/untitled/Cents.h,,3,4,Changes
2023-05-03T17:08:05.039+09:00,user,Action,EditorBackSpace,untitled,Editor,C:/Users/user/CLionProjects/untitled/Cents.h,,3,5,Changes
2023-05-03T17:08:05.056+09:00,user,KeyEvent,8:8:0,untitled,Editor,C:/Users/user/CLionProjects/untitled/Cents.h,,3,4,Changes
2023-05-03T17:08:05.186+09:00,user,Action,EditorBackSpace,untitled,Editor,C:/Users/user/CLionProjects/untitled/Cents.h,,3,4,Changes
2023-05-03T17:08:05.206+09:00,user,KeyEvent,8:8:0,untitled,Editor,C:/Users/user/CLionProjects/untitled/Cents.h,,3,3,Changes
2023-05-03T17:08:05.336+09:00,user,Action,EditorBackSpace,untitled,Editor,C:/Users/user/CLionProjects/untitled/Cents.h,,3,3,Changes
2023-05-03T17:08:05.339+09:00,user,KeyEvent,8:8:0,untitled,Editor,C:/Users/user/CLionProjects/untitled/Cents.h,,3,2,Changes
2023-05-03T17:08:05.479+09:00,user,Action,EditorBackSpace,untitled,Editor,C:/Users/user/CLionProjects/untitled/Cents.h,,3,2,Changes
2023-05-03T17:08:05.498+09:00,user,KeyEvent,8:8:0,untitled,Editor,C:/Users/user/CLionProjects/untitled/Cents.h,,3,1,Changes
2023-05-03T17:08:05.690+09:00,user,Action,EditorBackSpace,untitled,Editor,C:/Users/user/CLionProjects/untitled/Cents.h,,3,1,Changes
2023-05-03T17:08:05.706+09:00,user,KeyEvent,8:8:0,untitled,Editor,C:/Users/user/CLionProjects/untitled/Cents.h,,3,0,Changes
2023-05-03T17:08:05.899+09:00,user,KeyEvent,99:67:0,untitled,Editor,C:/Users/user/CLionProjects/untitled/Cents.h,,3,0,Changes
2023-05-03T17:08:05.970+09:00,user,KeyEvent,108:76:0,untitled,Editor,C:/Users/user/CLionProjects/untitled/Cents.h,,3,1,Changes
2023-05-03T17:08:06.061+09:00,user,KeyEvent,97:65:0,untitled,Editor,C:/Users/user/CLionProjects/untitled/Cents.h,,3,2,Changes
2023-05-03T17:08:06.186+09:00,user,KeyEvent,115:83:0,untitled,Editor,C:/Users/user/CLionProjects/untitled/Cents.h,,3,3,Changes
2023-05-03T17:08:06.323+09:00,user,KeyEvent,115:83:0,untitled,Editor,C:/Users/user/CLionProjects/untitled/Cents.h,,3,4,Changes
2023-05-03T17:08:06.429+09:00,user,KeyEvent,32:32:0,untitled,Editor,C:/Users/user/CLionProjects/untitled/Cents.h,,3,5,Changes
2023-05-03T17:08:06.532+09:00,user,KeyEvent,65535:16:1,untitled,Editor,C:/Users/user/CLionProjects/untitled/Cents.h,,3,6,Changes
2023-05-03T17:08:06.669+09:00,user,KeyEvent,67:67:1,untitled,Editor,C:/Users/user/CLionProjects/untitled/Cents.h,,3,6,Changes
2023-05-03T17:08:07.049+09:00,user,KeyEvent,101:69:0,untitled,Editor,C:/Users/user/CLionProjects/untitled/Cents.h,,3,7,Changes
2023-05-03T17:08:07.211+09:00,user,KeyEvent,110:78:0,untitled,Editor,C:/Users/user/CLionProjects/untitled/Cents.h,,3,8,Changes
2023-05-03T17:08:07.392+09:00,user,KeyEvent,116:84:0,untitled,Editor,C:/Users/user/CLionProjects/untitled/Cents.h,,3,9,Changes
2023-05-03T17:08:07.557+09:00,user,KeyEvent,115:83:0,untitled,Editor,C:/Users/user/CLionProjects/untitled/Cents.h,,3,10,Changes
2023-05-03T17:08:08.308+09:00,user,KeyEvent,65535:16:1,untitled,Editor,C:/Users/user/CLionProjects/untitled/Cents.h,,3,11,Changes
2023-05-03T17:08:08.444+09:00,user,KeyEvent,123:91:1,untitled,Editor,C:/Users/user/CLionProjects/untitled/Cents.h,,3,11,Changes
2023-05-03T17:08:08.639+09:00,user,Action,EditorEnter,untitled,Editor,C:/Users/user/CLionProjects/untitled/Cents.h,,3,12,Changes
2023-05-03T17:08:08.650+09:00,user,KeyEvent,10:10:0,untitled,Editor,C:/Users/user/CLionProjects/untitled/Cents.h,,4,4,Changes
2023-05-03T17:08:39.712+09:00,user,KeyEvent,65535:16:1,untitled,Editor,C:/Users/user/CLionProjects/untitled/Dollars.h,,2,0,Changes
2023-05-03T17:08:39.780+09:00,user,KeyEvent,35:51:1,untitled,Editor,C:/Users/user/CLionProjects/untitled/Dollars.h,,2,0,Changes
2023-05-03T17:08:40.113+09:00,user,KeyEvent,105:73:0,untitled,Editor,C:/Users/user/CLionProjects/untitled/Dollars.h,,2,1,Changes
2023-05-03T17:08:40.237+09:00,user,KeyEvent,110:78:0,untitled,Editor,C:/Users/user/CLionProjects/untitled/Dollars.h,,2,2,Changes
2023-05-03T17:08:40.388+09:00,user,KeyEvent,99:67:0,untitled,Editor,C:/Users/user/CLionProjects/untitled/Dollars.h,,2,3,Changes
2023-05-03T17:08:40.482+09:00,user,KeyEvent,108:76:0,untitled,Editor,C:/Users/user/CLionProjects/untitled/Dollars.h,,2,4,Changes
2023-05-03T17:08:40.573+09:00,user,KeyEvent,117:85:0,untitled,Editor,C:/Users/user/CLionProjects/untitled/Dollars.h,,2,5,Changes
2023-05-03T17:08:40.639+09:00,user,KeyEvent,100:68:0,untitled,Editor,C:/Users/user/CLionProjects/untitled/Dollars.h,,2,6,Changes
2023-05-03T17:08:40.813+09:00,user,KeyEvent,101:69:0,untitled,Editor,C:/Users/user/CLionProjects/untitled/Dollars.h,,2,7,Changes
2023-05-03T17:08:40.970+09:00,user,KeyEvent,32:32:0,untitled,Editor,C:/Users/user/CLionProjects/untitled/Dollars.h,,2,8,Changes
2023-05-03T17:08:41.484+09:00,user,KeyEvent,65535:16:1,untitled,Editor,C:/Users/user/CLionProjects/untitled/Dollars.h,,2,9,Changes
2023-05-03T17:08:41.822+09:00,user,KeyEvent,34:222:1,untitled,Editor,C:/Users/user/CLionProjects/untitled/Dollars.h,,2,9,Changes
2023-05-03T17:08:42.112+09:00,user,KeyEvent,65535:16:1,untitled,Editor,C:/Users/user/CLionProjects/untitled/Dollars.h,,2,10,Changes
2023-05-03T17:08:42.275+09:00,user,KeyEvent,67:67:1,untitled,Editor,C:/Users/user/CLionProjects/untitled/Dollars.h,,2,10,Changes
2023-05-03T17:08:42.465+09:00,user,KeyEvent,101:69:0,untitled,Editor,C:/Users/user/CLionProjects/untitled/Dollars.h,,2,11,Changes
2023-05-03T17:08:42.589+09:00,user,KeyEvent,110:78:0,untitled,Editor,C:/Users/user/CLionProjects/untitled/Dollars.h,,2,12,Changes
2023-05-03T17:08:42.685+09:00,user,KeyEvent,116:84:0,untitled,Editor,C:/Users/user/CLionProjects/untitled/Dollars.h,,2,13,Changes
2023-05-03T17:08:42.842+09:00,user,KeyEvent,115:83:0,untitled,Editor,C:/Users/user/CLionProjects/untitled/Dollars.h,,2,14,Changes
2023-05-03T17:08:43.313+09:00,user,KeyEvent,46:46:0,untitled,Editor,C:/Users/user/CLionProjects/untitled/Dollars.h,,2,15,Changes
2023-05-03T17:08:43.556+09:00,user,KeyEvent,104:72:0,untitled,Editor,C:/Users/user/CLionProjects/untitled/Dollars.h,,2,16,Changes
2023-05-03T17:08:43.673+09:00,user,KeyEvent,65535:16:1,untitled,Editor,C:/Users/user/CLionProjects/untitled/Dollars.h,,2,17,Changes
2023-05-03T17:08:43.781+09:00,user,KeyEvent,34:222:1,untitled,Editor,C:/Users/user/CLionProjects/untitled/Dollars.h,,2,17,Changes
2023-05-03T17:08:44.540+09:00,user,Action,EditorEnter,untitled,Editor,C:/Users/user/CLionProjects/untitled/Dollars.h,,2,18,Changes
2023-05-03T17:08:44.545+09:00,user,KeyEvent,10:10:0,untitled,Editor,C:/Users/user/CLionProjects/untitled/Dollars.h,,3,0,Changes
2023-05-03T17:08:59.184+09:00,user,KeyEvent,112:80:0,untitled,Editor,C:/Users/user/CLionProjects/untitled/Dollars.h,,5,4,Changes
2023-05-03T17:08:59.359+09:00,user,KeyEvent,117:85:0,untitled,Editor,C:/Users/user/CLionProjects/untitled/Dollars.h,,5,5,Changes
2023-05-03T17:08:59.750+09:00,user,KeyEvent,98:66:0,untitled,Editor,C:/Users/user/CLionProjects/untitled/Dollars.h,,5,6,Changes
2023-05-03T17:08:59.846+09:00,user,KeyEvent,108:76:0,untitled,Editor,C:/Users/user/CLionProjects/untitled/Dollars.h,,5,7,Changes
2023-05-03T17:08:59.939+09:00,user,KeyEvent,105:73:0,untitled,Editor,C:/Users/user/CLionProjects/untitled/Dollars.h,,5,8,Changes
2023-05-03T17:09:00.060+09:00,user,KeyEvent,99:67:0,untitled,Editor,C:/Users/user/CLionProjects/untitled/Dollars.h,,5,9,Changes
2023-05-03T17:09:00.526+09:00,user,KeyEvent,65535:16:1,untitled,Editor,C:/Users/user/CLionProjects/untitled/Dollars.h,,5,10,Changes
2023-05-03T17:09:00.605+09:00,user,KeyEvent,58:59:1,untitled,Editor,C:/Users/user/CLionProjects/untitled/Dollars.h,,5,10,Changes
2023-05-03T17:09:00.795+09:00,user,Action,EditorEnter,untitled,Editor,C:/Users/user/CLionProjects/untitled/Dollars.h,,5,7,Changes
2023-05-03T17:09:00.803+09:00,user,KeyEvent,10:10:0,untitled,Editor,C:/Users/user/CLionProjects/untitled/Dollars.h,,6,4,Changes
2023-05-03T17:09:01.730+09:00,user,KeyEvent,112:80:0,untitled,Editor,C:/Users/user/CLionProjects/untitled/Dollars.h,,6,4,Changes
2023-05-03T17:09:01.860+09:00,user,KeyEvent,114:82:0,untitled,Editor,C:/Users/user/CLionProjects/untitled/Dollars.h,,6,5,Changes
2023-05-03T17:09:01.957+09:00,user,KeyEvent,105:73:0,untitled,Editor,C:/Users/user/CLionProjects/untitled/Dollars.h,,6,6,Changes
2023-05-03T17:09:02.326+09:00,user,KeyEvent,118:86:0,untitled,Editor,C:/Users/user/CLionProjects/untitled/Dollars.h,,6,7,Changes
2023-05-03T17:09:02.436+09:00,user,KeyEvent,97:65:0,untitled,Editor,C:/Users/user/CLionProjects/untitled/Dollars.h,,6,8,Changes
2023-05-03T17:09:02.676+09:00,user,KeyEvent,116:84:0,untitled,Editor,C:/Users/user/CLionProjects/untitled/Dollars.h,,6,9,Changes
2023-05-03T17:09:03.747+09:00,user,KeyEvent,101:69:0,untitled,Editor,C:/Users/user/CLionProjects/untitled/Dollars.h,,6,10,Changes
2023-05-03T17:09:04.008+09:00,user,KeyEvent,65535:16:1,untitled,Editor,C:/Users/user/CLionProjects/untitled/Dollars.h,,6,11,Changes
2023-05-03T17:09:04.097+09:00,user,KeyEvent,58:59:1,untitled,Editor,C:/Users/user/CLionProjects/untitled/Dollars.h,,6,11,Changes
2023-05-03T17:09:04.291+09:00,user,Action,EditorEnter,untitled,Editor,C:/Users/user/CLionProjects/untitled/Dollars.h,,6,8,Changes
2023-05-03T17:09:04.299+09:00,user,KeyEvent,10:10:0,untitled,Editor,C:/Users/user/CLionProjects/untitled/Dollars.h,,7,4,Changes
2023-05-03T17:09:10.256+09:00,user,KeyEvent,100:68:0,untitled,Editor,C:/Users/user/CLionProjects/untitled/Dollars.h,,7,4,Changes
2023-05-03T17:09:10.414+09:00,user,KeyEvent,111:79:0,untitled,Editor,C:/Users/user/CLionProjects/untitled/Dollars.h,,7,5,Changes
2023-05-03T17:09:11.604+09:00,user,Action,EditorBackSpace,untitled,Editor,C:/Users/user/CLionProjects/untitled/Dollars.h,,7,6,Changes
2023-05-03T17:09:11.620+09:00,user,KeyEvent,8:8:0,untitled,Editor,C:/Users/user/CLionProjects/untitled/Dollars.h,,7,5,Changes
2023-05-03T17:09:11.982+09:00,user,Action,EditorBackSpace,untitled,Editor,C:/Users/user/CLionProjects/untitled/Dollars.h,,7,5,Changes
2023-05-03T17:09:12.001+09:00,user,KeyEvent,8:8:0,untitled,Editor,C:/Users/user/CLionProjects/untitled/Dollars.h,,7,4,Changes
2023-05-03T17:09:12.285+09:00,user,KeyEvent,105:73:0,untitled,Editor,C:/Users/user/CLionProjects/untitled/Dollars.h,,7,4,Changes
2023-05-03T17:09:12.434+09:00,user,KeyEvent,110:78:0,untitled,Editor,C:/Users/user/CLionProjects/untitled/Dollars.h,,7,5,Changes
2023-05-03T17:09:12.517+09:00,user,KeyEvent,116:84:0,untitled,Editor,C:/Users/user/CLionProjects/untitled/Dollars.h,,7,6,Changes
2023-05-03T17:09:12.952+09:00,user,KeyEvent,32:32:0,untitled,Editor,C:/Users/user/CLionProjects/untitled/Dollars.h,,7,7,Changes
2023-05-03T17:09:14.982+09:00,user,KeyEvent,100:68:0,untitled,Editor,C:/Users/user/CLionProjects/untitled/Dollars.h,,7,8,Changes
2023-05-03T17:09:15.170+09:00,user,KeyEvent,111:79:0,untitled,Editor,C:/Users/user/CLionProjects/untitled/Dollars.h,,7,9,Changes
2023-05-03T17:09:15.472+09:00,user,KeyEvent,108:76:0,untitled,Editor,C:/Users/user/CLionProjects/untitled/Dollars.h,,7,10,Changes
2023-05-03T17:09:15.688+09:00,user,KeyEvent,108:76:0,untitled,Editor,C:/Users/user/CLionProjects/untitled/Dollars.h,,7,11,Changes
2023-05-03T17:09:15.832+09:00,user,KeyEvent,111:79:0,untitled,Editor,C:/Users/user/CLionProjects/untitled/Dollars.h,,7,12,Changes
2023-05-03T17:09:15.950+09:00,user,KeyEvent,114:82:0,untitled,Editor,C:/Users/user/CLionProjects/untitled/Dollars.h,,7,13,Changes
2023-05-03T17:09:16.921+09:00,user,KeyEvent,59:59:0,untitled,Editor,C:/Users/user/CLionProjects/untitled/Dollars.h,,7,14,Changes
2023-05-03T17:09:19.023+09:00,user,Action,EditorLeft,untitled,Editor,C:/Users/user/CLionProjects/untitled/Dollars.h,,7,15,Changes
2023-05-03T17:09:19.027+09:00,user,KeyEvent,65535:37:0,untitled,Editor,C:/Users/user/CLionProjects/untitled/Dollars.h,,7,14,Changes
2023-05-03T17:09:19.217+09:00,user,Action,EditorLeft,untitled,Editor,C:/Users/user/CLionProjects/untitled/Dollars.h,,7,14,Changes
2023-05-03T17:09:19.221+09:00,user,KeyEvent,65535:37:0,untitled,Editor,C:/Users/user/CLionProjects/untitled/Dollars.h,,7,13,Changes
2023-05-03T17:09:19.622+09:00,user,Action,EditorBackSpace,untitled,Editor,C:/Users/user/CLionProjects/untitled/Dollars.h,,7,13,Changes
2023-05-03T17:09:19.629+09:00,user,KeyEvent,8:8:0,untitled,Editor,C:/Users/user/CLionProjects/untitled/Dollars.h,,7,12,Changes
2023-05-03T17:09:19.758+09:00,user,KeyEvent,97:65:0,untitled,Editor,C:/Users/user/CLionProjects/untitled/Dollars.h,,7,12,Changes
2023-05-03T17:09:22.466+09:00,user,Action,EditorEnter,untitled,Editor,C:/Users/user/CLionProjects/untitled/Dollars.h,,5,7,Changes
2023-05-03T17:09:22.475+09:00,user,KeyEvent,10:10:0,untitled,Editor,C:/Users/user/CLionProjects/untitled/Dollars.h,,6,4,Changes
2023-05-03T17:09:23.388+09:00,user,KeyEvent,65535:16:1,untitled,Editor,C:/Users/user/CLionProjects/untitled/Dollars.h,,6,4,Changes
2023-05-03T17:09:23.733+09:00,user,KeyEvent,68:68:1,untitled,Editor,C:/Users/user/CLionProjects/untitled/Dollars.h,,6,4,Changes
2023-05-03T17:09:24.097+09:00,user,KeyEvent,111:79:0,untitled,Editor,C:/Users/user/CLionProjects/untitled/Dollars.h,,6,5,Changes
2023-05-03T17:09:24.522+09:00,user,KeyEvent,108:76:0,untitled,Editor,C:/Users/user/CLionProjects/untitled/Dollars.h,,6,6,Changes
2023-05-03T17:09:24.652+09:00,user,KeyEvent,108:76:0,untitled,Editor,C:/Users/user/CLionProjects/untitled/Dollars.h,,6,7,Changes
2023-05-03T17:09:24.737+09:00,user,KeyEvent,97:65:0,untitled,Editor,C:/Users/user/CLionProjects/untitled/Dollars.h,,6,8,Changes
2023-05-03T17:09:24.885+09:00,user,KeyEvent,114:82:0,untitled,Editor,C:/Users/user/CLionProjects/untitled/Dollars.h,,6,9,Changes
2023-05-03T17:09:25.101+09:00,user,KeyEvent,115:83:0,untitled,Editor,C:/Users/user/CLionProjects/untitled/Dollars.h,,6,10,Changes
2023-05-03T17:09:27.261+09:00,user,KeyEvent,65535:16:1,untitled,Editor,C:/Users/user/CLionProjects/untitled/Dollars.h,,6,11,Changes
2023-05-03T17:09:27.760+09:00,user,KeyEvent,65535:16:1,untitled,Editor,C:/Users/user/CLionProjects/untitled/Dollars.h,,6,11,Changes
2023-05-03T17:09:27.792+09:00,user,KeyEvent,65535:16:1,untitled,Editor,C:/Users/user/CLionProjects/untitled/Dollars.h,,6,11,Changes
2023-05-03T17:09:27.793+09:00,user,KeyEvent,40:57:1,untitled,Editor,C:/Users/user/CLionProjects/untitled/Dollars.h,,6,11,Changes
2023-05-03T17:09:30.740+09:00,user,KeyEvent,105:73:0,untitled,Editor,C:/Users/user/CLionProjects/untitled/Dollars.h,,6,12,Changes
2023-05-03T17:09:30.836+09:00,user,KeyEvent,110:78:0,untitled,Editor,C:/Users/user/CLionProjects/untitled/Dollars.h,,6,13,Changes
2023-05-03T17:09:30.962+09:00,user,KeyEvent,116:84:0,untitled,Editor,C:/Users/user/CLionProjects/untitled/Dollars.h,,6,14,Changes
2023-05-03T17:09:31.222+09:00,user,KeyEvent,32:32:0,untitled,Editor,C:/Users/user/CLionProjects/untitled/Dollars.h,,6,15,Changes
2023-05-03T17:09:32.429+09:00,user,KeyEvent,100:68:0,untitled,Editor,C:/Users/user/CLionProjects/untitled/Dollars.h,,6,16,Changes
2023-05-03T17:09:32.566+09:00,user,KeyEvent,111:79:0,untitled,Editor,C:/Users/user/CLionProjects/untitled/Dollars.h,,6,17,Changes
2023-05-03T17:09:33.362+09:00,user,KeyEvent,108:76:0,untitled,Editor,C:/Users/user/CLionProjects/untitled/Dollars.h,,6,18,Changes
2023-05-03T17:09:33.513+09:00,user,KeyEvent,108:76:0,untitled,Editor,C:/Users/user/CLionProjects/untitled/Dollars.h,,6,19,Changes
2023-05-03T17:09:33.622+09:00,user,KeyEvent,97:65:0,untitled,Editor,C:/Users/user/CLionProjects/untitled/Dollars.h,,6,20,Changes
2023-05-03T17:09:33.789+09:00,user,KeyEvent,114:82:0,untitled,Editor,C:/Users/user/CLionProjects/untitled/Dollars.h,,6,21,Changes
2023-05-03T17:09:34.163+09:00,user,Action,EditorRight,untitled,Editor,C:/Users/user/CLionProjects/untitled/Dollars.h,,6,22,Changes
2023-05-03T17:09:34.166+09:00,user,KeyEvent,65535:39:0,untitled,Editor,C:/Users/user/CLionProjects/untitled/Dollars.h,,6,23,Changes
2023-05-03T17:09:34.729+09:00,user,KeyEvent,65535:16:1,untitled,Editor,C:/Users/user/CLionProjects/untitled/Dollars.h,,6,23,Changes
2023-05-03T17:09:34.847+09:00,user,KeyEvent,58:59:1,untitled,Editor,C:/Users/user/CLionProjects/untitled/Dollars.h,,6,23,Changes
2023-05-03T17:09:35.118+09:00,user,KeyEvent,32:32:0,untitled,Editor,C:/Users/user/CLionProjects/untitled/Dollars.h,,6,24,Changes
2023-05-03T17:09:35.756+09:00,user,KeyEvent,100:68:0,untitled,Editor,C:/Users/user/CLionProjects/untitled/Dollars.h,,6,25,Changes
2023-05-03T17:09:35.919+09:00,user,KeyEvent,111:79:0,untitled,Editor,C:/Users/user/CLionProjects/untitled/Dollars.h,,6,26,Changes
2023-05-03T17:09:36.190+09:00,user,KeyEvent,108:76:0,untitled,Editor,C:/Users/user/CLionProjects/untitled/Dollars.h,,6,27,Changes
2023-05-03T17:09:36.538+09:00,user,Action,EditorChooseLookupItem,untitled,Editor,C:/Users/user/CLionProjects/untitled/Dollars.h,,6,28,Changes
2023-05-03T17:09:36.599+09:00,user,KeyEvent,10:10:0,untitled,Editor,C:/Users/user/CLionProjects/untitled/Dollars.h,,6,31,Changes
2023-05-03T17:09:37.385+09:00,user,KeyEvent,65535:16:1,untitled,Editor,C:/Users/user/CLionProjects/untitled/Dollars.h,,6,31,Changes
2023-05-03T17:09:37.464+09:00,user,KeyEvent,40:57:1,untitled,Editor,C:/Users/user/CLionProjects/untitled/Dollars.h,,6,31,Changes
2023-05-03T17:09:37.800+09:00,user,KeyEvent,100:68:0,untitled,Editor,C:/Users/user/CLionProjects/untitled/Dollars.h,,6,32,Changes
2023-05-03T17:09:37.929+09:00,user,KeyEvent,111:79:0,untitled,Editor,C:/Users/user/CLionProjects/untitled/Dollars.h,,6,33,Changes
2023-05-03T17:09:38.104+09:00,user,KeyEvent,108:76:0,untitled,Editor,C:/Users/user/CLionProjects/untitled/Dollars.h,,6,34,Changes
2023-05-03T17:09:38.241+09:00,user,KeyEvent,108:76:0,untitled,Editor,C:/Users/user/CLionProjects/untitled/Dollars.h,,6,35,Changes
2023-05-03T17:09:38.312+09:00,user,KeyEvent,97:65:0,untitled,Editor,C:/Users/user/CLionProjects/untitled/Dollars.h,,6,36,Changes
2023-05-03T17:09:38.446+09:00,user,KeyEvent,114:82:0,untitled,Editor,C:/Users/user/CLionProjects/untitled/Dollars.h,,6,37,Changes
2023-05-03T17:09:38.860+09:00,user,Action,EditorRight,untitled,Editor,C:/Users/user/CLionProjects/untitled/Dollars.h,,6,38,Changes
2023-05-03T17:09:38.862+09:00,user,KeyEvent,65535:39:0,untitled,Editor,C:/Users/user/CLionProjects/untitled/Dollars.h,,6,39,Changes
2023-05-03T17:09:39.394+09:00,user,KeyEvent,65535:16:1,untitled,Editor,C:/Users/user/CLionProjects/untitled/Dollars.h,,6,39,Changes
2023-05-03T17:09:39.550+09:00,user,KeyEvent,123:91:1,untitled,Editor,C:/Users/user/CLionProjects/untitled/Dollars.h,,6,39,Changes
2023-05-03T17:09:40.602+09:00,user,Action,EditorRight,untitled,Editor,C:/Users/user/CLionProjects/untitled/Dollars.h,,6,40,Changes
2023-05-03T17:09:40.604+09:00,user,KeyEvent,65535:39:0,untitled,Editor,C:/Users/user/CLionProjects/untitled/Dollars.h,,6,41,Changes
2023-05-03T17:09:41.765+09:00,user,Action,EditorEnter,untitled,Editor,C:/Users/user/CLionProjects/untitled/Dollars.h,,6,41,Changes
2023-05-03T17:09:41.772+09:00,user,KeyEvent,10:10:0,untitled,Editor,C:/Users/user/CLionProjects/untitled/Dollars.h,,7,4,Changes
2023-05-03T17:09:55.708+09:00,user,KeyEvent,112:80:0,untitled,Editor,C:/Users/user/CLionProjects/untitled/Cents.h,,4,4,Changes
2023-05-03T17:09:55.881+09:00,user,KeyEvent,117:85:0,untitled,Editor,C:/Users/user/CLionProjects/untitled/Cents.h,,4,5,Changes
2023-05-03T17:09:56.128+09:00,user,KeyEvent,98:66:0,untitled,Editor,C:/Users/user/CLionProjects/untitled/Cents.h,,4,6,Changes
2023-05-03T17:09:56.218+09:00,user,KeyEvent,108:76:0,untitled,Editor,C:/Users/user/CLionProjects/untitled/Cents.h,,4,7,Changes
2023-05-03T17:09:56.335+09:00,user,KeyEvent,105:73:0,untitled,Editor,C:/Users/user/CLionProjects/untitled/Cents.h,,4,8,Changes
2023-05-03T17:09:56.447+09:00,user,KeyEvent,99:67:0,untitled,Editor,C:/Users/user/CLionProjects/untitled/Cents.h,,4,9,Changes
2023-05-03T17:09:56.956+09:00,user,KeyEvent,65535:16:1,untitled,Editor,C:/Users/user/CLionProjects/untitled/Cents.h,,4,10,Changes
2023-05-03T17:09:57.024+09:00,user,KeyEvent,58:59:1,untitled,Editor,C:/Users/user/CLionProjects/untitled/Cents.h,,4,10,Changes
2023-05-03T17:09:57.209+09:00,user,Action,EditorEnter,untitled,Editor,C:/Users/user/CLionProjects/untitled/Cents.h,,4,7,Changes
2023-05-03T17:09:57.214+09:00,user,KeyEvent,10:10:0,untitled,Editor,C:/Users/user/CLionProjects/untitled/Cents.h,,5,4,Changes
2023-05-03T17:09:57.834+09:00,user,KeyEvent,112:80:0,untitled,Editor,C:/Users/user/CLionProjects/untitled/Cents.h,,5,4,Changes
2023-05-03T17:09:57.976+09:00,user,KeyEvent,114:82:0,untitled,Editor,C:/Users/user/CLionProjects/untitled/Cents.h,,5,5,Changes
2023-05-03T17:09:58.034+09:00,user,KeyEvent,105:73:0,untitled,Editor,C:/Users/user/CLionProjects/untitled/Cents.h,,5,6,Changes
2023-05-03T17:09:58.194+09:00,user,KeyEvent,118:86:0,untitled,Editor,C:/Users/user/CLionProjects/untitled/Cents.h,,5,7,Changes
2023-05-03T17:09:58.297+09:00,user,KeyEvent,97:65:0,untitled,Editor,C:/Users/user/CLionProjects/untitled/Cents.h,,5,8,Changes
2023-05-03T17:09:58.478+09:00,user,KeyEvent,116:84:0,untitled,Editor,C:/Users/user/CLionProjects/untitled/Cents.h,,5,9,Changes
2023-05-03T17:09:58.699+09:00,user,KeyEvent,101:69:0,untitled,Editor,C:/Users/user/CLionProjects/untitled/Cents.h,,5,10,Changes
2023-05-03T17:09:59.070+09:00,user,KeyEvent,65535:16:1,untitled,Editor,C:/Users/user/CLionProjects/untitled/Cents.h,,5,11,Changes
2023-05-03T17:09:59.223+09:00,user,KeyEvent,58:59:1,untitled,Editor,C:/Users/user/CLionProjects/untitled/Cents.h,,5,11,Changes
2023-05-03T17:09:59.296+09:00,user,Action,EditorEnter,untitled,Editor,C:/Users/user/CLionProjects/untitled/Cents.h,,5,8,Changes
2023-05-03T17:09:59.301+09:00,user,KeyEvent,10:10:0,untitled,Editor,C:/Users/user/CLionProjects/untitled/Cents.h,,6,4,Changes
2023-05-03T17:10:00.350+09:00,user,KeyEvent,105:73:0,untitled,Editor,C:/Users/user/CLionProjects/untitled/Cents.h,,6,4,Changes
2023-05-03T17:10:00.431+09:00,user,KeyEvent,110:78:0,untitled,Editor,C:/Users/user/CLionProjects/untitled/Cents.h,,6,5,Changes
2023-05-03T17:10:00.497+09:00,user,KeyEvent,116:84:0,untitled,Editor,C:/Users/user/CLionProjects/untitled/Cents.h,,6,6,Changes
2023-05-03T17:11:04.020+09:00,user,Action,EditorTab,untitled,Editor,C:/Users/user/CLionProjects/untitled/Dollars.h,,7,0,Changes
2023-05-03T17:11:04.049+09:00,user,KeyEvent,9:9:0,untitled,Editor,C:/Users/user/CLionProjects/untitled/Dollars.h,,7,4,Changes
2023-05-03T17:11:10.382+09:00,user,KeyEvent,65535:16:1,untitled,Editor,C:/Users/user/CLionProjects/untitled/Dollars.h,,7,4,Changes
2023-05-03T17:11:10.509+09:00,user,KeyEvent,67:67:1,untitled,Editor,C:/Users/user/CLionProjects/untitled/Dollars.h,,7,4,Changes
2023-05-03T17:11:10.656+09:00,user,KeyEvent,101:69:0,untitled,Editor,C:/Users/user/CLionProjects/untitled/Dollars.h,,7,5,Changes
2023-05-03T17:11:10.737+09:00,user,KeyEvent,110:78:0,untitled,Editor,C:/Users/user/CLionProjects/untitled/Dollars.h,,7,6,Changes
2023-05-03T17:11:10.858+09:00,user,KeyEvent,116:84:0,untitled,Editor,C:/Users/user/CLionProjects/untitled/Dollars.h,,7,7,Changes
2023-05-03T17:11:11.092+09:00,user,KeyEvent,115:83:0,untitled,Editor,C:/Users/user/CLionProjects/untitled/Dollars.h,,7,8,Changes
2023-05-03T17:11:11.920+09:00,user,KeyEvent,32:32:0,untitled,Editor,C:/Users/user/CLionProjects/untitled/Dollars.h,,7,9,Changes
2023-05-03T17:11:12.525+09:00,user,KeyEvent,111:79:0,untitled,Editor,C:/Users/user/CLionProjects/untitled/Dollars.h,,7,10,Changes
2023-05-03T17:11:12.652+09:00,user,KeyEvent,112:80:0,untitled,Editor,C:/Users/user/CLionProjects/untitled/Dollars.h,,7,11,Changes
2023-05-03T17:11:12.824+09:00,user,KeyEvent,101:69:0,untitled,Editor,C:/Users/user/CLionProjects/untitled/Dollars.h,,7,12,Changes
2023-05-03T17:11:12.863+09:00,user,KeyEvent,114:82:0,untitled,Editor,C:/Users/user/CLionProjects/untitled/Dollars.h,,7,13,Changes
2023-05-03T17:11:13.008+09:00,user,KeyEvent,97:65:0,untitled,Editor,C:/Users/user/CLionProjects/untitled/Dollars.h,,7,14,Changes
2023-05-03T17:11:13.327+09:00,user,KeyEvent,116:84:0,untitled,Editor,C:/Users/user/CLionProjects/untitled/Dollars.h,,7,15,Changes
2023-05-03T17:11:13.550+09:00,user,KeyEvent,111:79:0,untitled,Editor,C:/Users/user/CLionProjects/untitled/Dollars.h,,7,16,Changes
2023-05-03T17:11:13.617+09:00,user,KeyEvent,114:82:0,untitled,Editor,C:/Users/user/CLionProjects/untitled/Dollars.h,,7,17,Changes
2023-05-03T17:11:14.640+09:00,user,KeyEvent,65535:16:1,untitled,Editor,C:/Users/user/CLionProjects/untitled/Dollars.h,,7,18,Changes
2023-05-03T17:11:14.757+09:00,user,KeyEvent,40:57:1,untitled,Editor,C:/Users/user/CLionProjects/untitled/Dollars.h,,7,18,Changes
2023-05-03T17:11:15.244+09:00,user,Action,EditorRight,untitled,Editor,C:/Users/user/CLionProjects/untitled/Dollars.h,,7,19,Changes
2023-05-03T17:11:15.245+09:00,user,KeyEvent,65535:39:0,untitled,Editor,C:/Users/user/CLionProjects/untitled/Dollars.h,,7,20,Changes
2023-05-03T17:11:17.016+09:00,user,KeyEvent,65535:16:1,untitled,Editor,C:/Users/user/CLionProjects/untitled/Dollars.h,,7,20,Changes
2023-05-03T17:11:17.414+09:00,user,KeyEvent,123:91:1,untitled,Editor,C:/Users/user/CLionProjects/untitled/Dollars.h,,7,20,Changes
2023-05-03T17:11:27.806+09:00,user,Action,EditorBackSpace,untitled,Editor,C:/Users/user/CLionProjects/untitled/Dollars.h,,7,10,Changes
2023-05-03T17:11:27.815+09:00,user,KeyEvent,8:8:0,untitled,Editor,C:/Users/user/CLionProjects/untitled/Dollars.h,,7,9,Changes
2023-05-03T17:11:27.965+09:00,user,Action,EditorBackSpace,untitled,Editor,C:/Users/user/CLionProjects/untitled/Dollars.h,,7,9,Changes
2023-05-03T17:11:27.986+09:00,user,KeyEvent,8:8:0,untitled,Editor,C:/Users/user/CLionProjects/untitled/Dollars.h,,7,8,Changes
2023-05-03T17:11:28.120+09:00,user,Action,EditorBackSpace,untitled,Editor,C:/Users/user/CLionProjects/untitled/Dollars.h,,7,8,Changes
2023-05-03T17:11:28.128+09:00,user,KeyEvent,8:8:0,untitled,Editor,C:/Users/user/CLionProjects/untitled/Dollars.h,,7,7,Changes
2023-05-03T17:11:28.276+09:00,user,Action,EditorBackSpace,untitled,Editor,C:/Users/user/CLionProjects/untitled/Dollars.h,,7,7,Changes
2023-05-03T17:11:28.283+09:00,user,KeyEvent,8:8:0,untitled,Editor,C:/Users/user/CLionProjects/untitled/Dollars.h,,7,6,Changes
2023-05-03T17:11:28.441+09:00,user,Action,EditorBackSpace,untitled,Editor,C:/Users/user/CLionProjects/untitled/Dollars.h,,7,6,Changes
2023-05-03T17:11:28.462+09:00,user,KeyEvent,8:8:0,untitled,Editor,C:/Users/user/CLionProjects/untitled/Dollars.h,,7,5,Changes
2023-05-03T17:11:28.871+09:00,user,Action,EditorBackSpace,untitled,Editor,C:/Users/user/CLionProjects/untitled/Dollars.h,,7,5,Changes
2023-05-03T17:11:28.936+09:00,user,KeyEvent,8:8:0,untitled,Editor,C:/Users/user/CLionProjects/untitled/Dollars.h,,7,4,Changes
2023-05-03T17:11:29.383+09:00,user,Action,EditorRight,untitled,Editor,C:/Users/user/CLionProjects/untitled/Dollars.h,,7,4,Changes
2023-05-03T17:11:29.384+09:00,user,KeyEvent,65535:39:0,untitled,Editor,C:/Users/user/CLionProjects/untitled/Dollars.h,,7,5,Changes
2023-05-03T17:11:29.944+09:00,user,Action,EditorRight,untitled,Editor,C:/Users/user/CLionProjects/untitled/Dollars.h,,7,5,Changes
2023-05-03T17:11:29.946+09:00,user,KeyEvent,65535:39:0,untitled,Editor,C:/Users/user/CLionProjects/untitled/Dollars.h,,7,6,Changes
2023-05-03T17:11:29.976+09:00,user,Action,EditorRight,untitled,Editor,C:/Users/user/CLionProjects/untitled/Dollars.h,,7,6,Changes
2023-05-03T17:11:29.979+09:00,user,KeyEvent,65535:39:0,untitled,Editor,C:/Users/user/CLionProjects/untitled/Dollars.h,,7,7,Changes
2023-05-03T17:11:30.077+09:00,user,Action,EditorRight,untitled,Editor,C:/Users/user/CLionProjects/untitled/Dollars.h,,7,7,Changes
2023-05-03T17:11:30.078+09:00,user,KeyEvent,65535:39:0,untitled,Editor,C:/Users/user/CLionProjects/untitled/Dollars.h,,7,8,Changes
2023-05-03T17:11:30.092+09:00,user,Action,EditorRight,untitled,Editor,C:/Users/user/CLionProjects/untitled/Dollars.h,,7,8,Changes
2023-05-03T17:11:30.094+09:00,user,KeyEvent,65535:39:0,untitled,Editor,C:/Users/user/CLionProjects/untitled/Dollars.h,,7,9,Changes
2023-05-03T17:11:30.122+09:00,user,Action,EditorRight,untitled,Editor,C:/Users/user/CLionProjects/untitled/Dollars.h,,7,9,Changes
2023-05-03T17:11:30.124+09:00,user,KeyEvent,65535:39:0,untitled,Editor,C:/Users/user/CLionProjects/untitled/Dollars.h,,7,10,Changes
2023-05-03T17:11:30.152+09:00,user,Action,EditorRight,untitled,Editor,C:/Users/user/CLionProjects/untitled/Dollars.h,,7,10,Changes
2023-05-03T17:11:30.154+09:00,user,KeyEvent,65535:39:0,untitled,Editor,C:/Users/user/CLionProjects/untitled/Dollars.h,,7,11,Changes
2023-05-03T17:11:30.183+09:00,user,Action,EditorRight,untitled,Editor,C:/Users/user/CLionProjects/untitled/Dollars.h,,7,11,Changes
2023-05-03T17:11:30.184+09:00,user,KeyEvent,65535:39:0,untitled,Editor,C:/Users/user/CLionProjects/untitled/Dollars.h,,7,12,Changes
2023-05-03T17:11:31.096+09:00,user,KeyEvent,32:32:0,untitled,Editor,C:/Users/user/CLionProjects/untitled/Dollars.h,,7,12,Changes
2023-05-03T17:11:31.247+09:00,user,KeyEvent,65535:16:1,untitled,Editor,C:/Users/user/CLionProjects/untitled/Dollars.h,,7,13,Changes
2023-05-03T17:11:31.748+09:00,user,KeyEvent,65535:16:1,untitled,Editor,C:/Users/user/CLionProjects/untitled/Dollars.h,,7,13,Changes
2023-05-03T17:11:31.777+09:00,user,KeyEvent,65535:16:1,untitled,Editor,C:/Users/user/CLionProjects/untitled/Dollars.h,,7,13,Changes
2023-05-03T17:11:31.808+09:00,user,KeyEvent,65535:16:1,untitled,Editor,C:/Users/user/CLionProjects/untitled/Dollars.h,,7,13,Changes
2023-05-03T17:11:31.837+09:00,user,KeyEvent,65535:16:1,untitled,Editor,C:/Users/user/CLionProjects/untitled/Dollars.h,,7,13,Changes
2023-05-03T17:11:31.868+09:00,user,KeyEvent,65535:16:1,untitled,Editor,C:/Users/user/CLionProjects/untitled/Dollars.h,,7,13,Changes
2023-05-03T17:11:31.898+09:00,user,KeyEvent,65535:16:1,untitled,Editor,C:/Users/user/CLionProjects/untitled/Dollars.h,,7,13,Changes
2023-05-03T17:11:31.927+09:00,user,KeyEvent,65535:16:1,untitled,Editor,C:/Users/user/CLionProjects/untitled/Dollars.h,,7,13,Changes
2023-05-03T17:11:31.984+09:00,user,KeyEvent,65535:16:1,untitled,Editor,C:/Users/user/CLionProjects/untitled/Dollars.h,,7,13,Changes
2023-05-03T17:11:31.985+09:00,user,KeyEvent,67:67:1,untitled,Editor,C:/Users/user/CLionProjects/untitled/Dollars.h,,7,13,Changes
2023-05-03T17:11:32.217+09:00,user,KeyEvent,101:69:0,untitled,Editor,C:/Users/user/CLionProjects/untitled/Dollars.h,,7,14,Changes
2023-05-03T17:11:32.319+09:00,user,KeyEvent,110:78:0,untitled,Editor,C:/Users/user/CLionProjects/untitled/Dollars.h,,7,15,Changes
2023-05-03T17:11:32.417+09:00,user,KeyEvent,116:84:0,untitled,Editor,C:/Users/user/CLionProjects/untitled/Dollars.h,,7,16,Changes
2023-05-03T17:11:32.641+09:00,user,KeyEvent,115:83:0,untitled,Editor,C:/Users/user/CLionProjects/untitled/Dollars.h,,7,17,Changes
2023-05-03T17:11:34.632+09:00,user,Action,EditorRight,untitled,Editor,C:/Users/user/CLionProjects/untitled/Dollars.h,,7,18,Changes
2023-05-03T17:11:34.637+09:00,user,KeyEvent,65535:39:0,untitled,Editor,C:/Users/user/CLionProjects/untitled/Dollars.h,,7,19,Changes
2023-05-03T17:11:34.823+09:00,user,Action,EditorRight,untitled,Editor,C:/Users/user/CLionProjects/untitled/Dollars.h,,7,19,Changes
2023-05-03T17:11:34.826+09:00,user,KeyEvent,65535:39:0,untitled,Editor,C:/Users/user/CLionProjects/untitled/Dollars.h,,7,20,Changes
2023-05-03T17:11:35.225+09:00,user,Action,EditorRight,untitled,Editor,C:/Users/user/CLionProjects/untitled/Dollars.h,,7,20,Changes
2023-05-03T17:11:35.229+09:00,user,KeyEvent,65535:39:0,untitled,Editor,C:/Users/user/CLionProjects/untitled/Dollars.h,,7,21,Changes
2023-05-03T17:11:35.564+09:00,user,Action,EditorLeft,untitled,Editor,C:/Users/user/CLionProjects/untitled/Dollars.h,,7,21,Changes
2023-05-03T17:11:35.567+09:00,user,KeyEvent,65535:37:0,untitled,Editor,C:/Users/user/CLionProjects/untitled/Dollars.h,,7,20,Changes
2023-05-03T17:11:35.877+09:00,user,KeyEvent,32:32:0,untitled,Editor,C:/Users/user/CLionProjects/untitled/Dollars.h,,7,20,Changes
2023-05-03T17:11:36.119+09:00,user,KeyEvent,99:67:0,untitled,Editor,C:/Users/user/CLionProjects/untitled/Dollars.h,,7,21,Changes
2023-05-03T17:11:36.200+09:00,user,KeyEvent,111:79:0,untitled,Editor,C:/Users/user/CLionProjects/untitled/Dollars.h,,7,22,Changes
2023-05-03T17:11:36.277+09:00,user,KeyEvent,110:78:0,untitled,Editor,C:/Users/user/CLionProjects/untitled/Dollars.h,,7,23,Changes
2023-05-03T17:11:36.316+09:00,user,KeyEvent,115:83:0,untitled,Editor,C:/Users/user/CLionProjects/untitled/Dollars.h,,7,24,Changes
2023-05-03T17:11:36.455+09:00,user,KeyEvent,116:84:0,untitled,Editor,C:/Users/user/CLionProjects/untitled/Dollars.h,,7,25,Changes
2023-05-03T17:11:38.341+09:00,user,Action,EditorRight,untitled,Editor,C:/Users/user/CLionProjects/untitled/Dollars.h,,7,26,Changes
2023-05-03T17:11:38.344+09:00,user,KeyEvent,65535:39:0,untitled,Editor,C:/Users/user/CLionProjects/untitled/Dollars.h,,7,27,Changes
2023-05-03T17:11:40.021+09:00,user,Action,EditorEnter,untitled,Editor,C:/Users/user/CLionProjects/untitled/Dollars.h,,7,27,Changes
2023-05-03T17:11:40.030+09:00,user,KeyEvent,10:10:0,untitled,Editor,C:/Users/user/CLionProjects/untitled/Dollars.h,,8,8,Changes
2023-05-03T17:11:42.465+09:00,user,KeyEvent,114:82:0,untitled,Editor,C:/Users/user/CLionProjects/untitled/Dollars.h,,8,8,Changes
2023-05-03T17:11:42.595+09:00,user,KeyEvent,101:69:0,untitled,Editor,C:/Users/user/CLionProjects/untitled/Dollars.h,,8,9,Changes
2023-05-03T17:11:42.717+09:00,user,KeyEvent,116:84:0,untitled,Editor,C:/Users/user/CLionProjects/untitled/Dollars.h,,8,10,Changes
2023-05-03T17:11:42.797+09:00,user,KeyEvent,117:85:0,untitled,Editor,C:/Users/user/CLionProjects/untitled/Dollars.h,,8,11,Changes
2023-05-03T17:11:42.911+09:00,user,KeyEvent,114:82:0,untitled,Editor,C:/Users/user/CLionProjects/untitled/Dollars.h,,8,12,Changes
2023-05-03T17:11:43.012+09:00,user,KeyEvent,110:78:0,untitled,Editor,C:/Users/user/CLionProjects/untitled/Dollars.h,,8,13,Changes
2023-05-03T17:11:43.227+09:00,user,KeyEvent,32:32:0,untitled,Editor,C:/Users/user/CLionProjects/untitled/Dollars.h,,8,14,Changes
2023-05-03T17:11:44.040+09:00,user,KeyEvent,100:68:0,untitled,Editor,C:/Users/user/CLionProjects/untitled/Dollars.h,,8,15,Changes
2023-05-03T17:11:44.124+09:00,user,KeyEvent,111:79:0,untitled,Editor,C:/Users/user/CLionProjects/untitled/Dollars.h,,8,16,Changes
2023-05-03T17:11:44.321+09:00,user,KeyEvent,108:76:0,untitled,Editor,C:/Users/user/CLionProjects/untitled/Dollars.h,,8,17,Changes
2023-05-03T17:11:44.775+09:00,user,KeyEvent,111:79:0,untitled,Editor,C:/Users/user/CLionProjects/untitled/Dollars.h,,8,18,Changes
2023-05-03T17:11:45.222+09:00,user,Action,EditorBackSpace,untitled,Editor,C:/Users/user/CLionProjects/untitled/Dollars.h,,8,19,Changes
2023-05-03T17:11:45.238+09:00,user,KeyEvent,8:8:0,untitled,Editor,C:/Users/user/CLionProjects/untitled/Dollars.h,,8,18,Changes
2023-05-03T17:11:45.786+09:00,user,KeyEvent,108:76:0,untitled,Editor,C:/Users/user/CLionProjects/untitled/Dollars.h,,8,18,Changes
2023-05-03T17:11:45.890+09:00,user,KeyEvent,97:65:0,untitled,Editor,C:/Users/user/CLionProjects/untitled/Dollars.h,,8,19,Changes
2023-05-03T17:11:46.037+09:00,user,KeyEvent,114:82:0,untitled,Editor,C:/Users/user/CLionProjects/untitled/Dollars.h,,8,20,Changes
2023-05-03T17:11:47.692+09:00,user,KeyEvent,65535:16:1,untitled,Editor,C:/Users/user/CLionProjects/untitled/Dollars.h,,8,21,Changes
2023-05-03T17:11:47.817+09:00,user,KeyEvent,42:56:1,untitled,Editor,C:/Users/user/CLionProjects/untitled/Dollars.h,,8,21,Changes
2023-05-03T17:11:48.840+09:00,user,KeyEvent,49:49:0,untitled,Editor,C:/Users/user/CLionProjects/untitled/Dollars.h,,8,22,Changes
2023-05-03T17:11:48.940+09:00,user,KeyEvent,48:48:0,untitled,Editor,C:/Users/user/CLionProjects/untitled/Dollars.h,,8,23,Changes
2023-05-03T17:11:49.059+09:00,user,KeyEvent,48:48:0,untitled,Editor,C:/Users/user/CLionProjects/untitled/Dollars.h,,8,24,Changes
2023-05-03T17:11:49.375+09:00,user,KeyEvent,59:59:0,untitled,Editor,C:/Users/user/CLionProjects/untitled/Dollars.h,,8,25,Changes
2023-05-03T17:12:10.754+09:00,user,KeyEvent,32:32:0,untitled,Editor,C:/Users/user/CLionProjects/untitled/Cents.h,,6,7,Changes
2023-05-03T17:12:11.164+09:00,user,KeyEvent,65535:16:1,untitled,Editor,C:/Users/user/CLionProjects/untitled/Cents.h,,6,8,Changes
2023-05-03T17:12:11.614+09:00,user,KeyEvent,99:67:0,untitled,Editor,C:/Users/user/CLionProjects/untitled/Cents.h,,6,8,Changes
2023-05-03T17:12:11.753+09:00,user,KeyEvent,101:69:0,untitled,Editor,C:/Users/user/CLionProjects/untitled/Cents.h,,6,9,Changes
2023-05-03T17:12:11.863+09:00,user,KeyEvent,110:78:0,untitled,Editor,C:/Users/user/CLionProjects/untitled/Cents.h,,6,10,Changes
2023-05-03T17:12:11.948+09:00,user,KeyEvent,116:84:0,untitled,Editor,C:/Users/user/CLionProjects/untitled/Cents.h,,6,11,Changes
2023-05-03T17:12:12.131+09:00,user,KeyEvent,115:83:0,untitled,Editor,C:/Users/user/CLionProjects/untitled/Cents.h,,6,12,Changes
2023-05-03T17:12:12.831+09:00,user,Action,EditorBackSpace,untitled,Editor,C:/Users/user/CLionProjects/untitled/Cents.h,,6,13,Changes
2023-05-03T17:12:12.844+09:00,user,KeyEvent,8:8:0,untitled,Editor,C:/Users/user/CLionProjects/untitled/Cents.h,,6,12,Changes
2023-05-03T17:12:13.469+09:00,user,KeyEvent,59:59:0,untitled,Editor,C:/Users/user/CLionProjects/untitled/Cents.h,,6,12,Changes
2023-05-03T17:12:13.948+09:00,user,Action,EditorUp,untitled,Editor,C:/Users/user/CLionProjects/untitled/Cents.h,,6,13,Changes
2023-05-03T17:12:13.950+09:00,user,KeyEvent,65535:38:0,untitled,Editor,C:/Users/user/CLionProjects/untitled/Cents.h,,5,8,Changes
2023-05-03T17:12:14.165+09:00,user,Action,EditorUp,untitled,Editor,C:/Users/user/CLionProjects/untitled/Cents.h,,5,8,Changes
2023-05-03T17:12:14.167+09:00,user,KeyEvent,65535:38:0,untitled,Editor,C:/Users/user/CLionProjects/untitled/Cents.h,,4,7,Changes
2023-05-03T17:12:14.569+09:00,user,Action,EditorEnter,untitled,Editor,C:/Users/user/CLionProjects/untitled/Cents.h,,4,7,Changes
2023-05-03T17:12:14.592+09:00,user,KeyEvent,10:10:0,untitled,Editor,C:/Users/user/CLionProjects/untitled/Cents.h,,5,4,Changes
2023-05-03T17:12:16.770+09:00,user,KeyEvent,65535:16:1,untitled,Editor,C:/Users/user/CLionProjects/untitled/Cents.h,,5,4,Changes
2023-05-03T17:12:16.868+09:00,user,KeyEvent,67:67:1,untitled,Editor,C:/Users/user/CLionProjects/untitled/Cents.h,,5,4,Changes
2023-05-03T17:12:17.018+09:00,user,KeyEvent,101:69:0,untitled,Editor,C:/Users/user/CLionProjects/untitled/Cents.h,,5,5,Changes
2023-05-03T17:12:17.133+09:00,user,KeyEvent,110:78:0,untitled,Editor,C:/Users/user/CLionProjects/untitled/Cents.h,,5,6,Changes
2023-05-03T17:12:17.212+09:00,user,KeyEvent,116:84:0,untitled,Editor,C:/Users/user/CLionProjects/untitled/Cents.h,,5,7,Changes
2023-05-03T17:12:17.328+09:00,user,KeyEvent,115:83:0,untitled,Editor,C:/Users/user/CLionProjects/untitled/Cents.h,,5,8,Changes
2023-05-03T17:12:17.901+09:00,user,KeyEvent,65535:16:1,untitled,Editor,C:/Users/user/CLionProjects/untitled/Cents.h,,5,9,Changes
2023-05-03T17:12:18.006+09:00,user,KeyEvent,40:57:1,untitled,Editor,C:/Users/user/CLionProjects/untitled/Cents.h,,5,9,Changes
2023-05-03T17:12:18.320+09:00,user,KeyEvent,105:73:0,untitled,Editor,C:/Users/user/CLionProjects/untitled/Cents.h,,5,10,Changes
2023-05-03T17:12:18.449+09:00,user,KeyEvent,110:78:0,untitled,Editor,C:/Users/user/CLionProjects/untitled/Cents.h,,5,11,Changes
2023-05-03T17:12:18.629+09:00,user,KeyEvent,32:32:0,untitled,Editor,C:/Users/user/CLionProjects/untitled/Cents.h,,5,12,Changes
2023-05-03T17:12:19.131+09:00,user,Action,EditorBackSpace,untitled,Editor,C:/Users/user/CLionProjects/untitled/Cents.h,,5,13,Changes
2023-05-03T17:12:19.155+09:00,user,KeyEvent,8:8:0,untitled,Editor,C:/Users/user/CLionProjects/untitled/Cents.h,,5,12,Changes
2023-05-03T17:12:19.320+09:00,user,KeyEvent,116:84:0,untitled,Editor,C:/Users/user/CLionProjects/untitled/Cents.h,,5,12,Changes
2023-05-03T17:12:19.521+09:00,user,KeyEvent,32:32:0,untitled,Editor,C:/Users/user/CLionProjects/untitled/Cents.h,,5,13,Changes
2023-05-03T17:12:19.688+09:00,user,KeyEvent,99:67:0,untitled,Editor,C:/Users/user/CLionProjects/untitled/Cents.h,,5,14,Changes
2023-05-03T17:12:19.804+09:00,user,KeyEvent,101:69:0,untitled,Editor,C:/Users/user/CLionProjects/untitled/Cents.h,,5,15,Changes
2023-05-03T17:12:19.885+09:00,user,KeyEvent,110:78:0,untitled,Editor,C:/Users/user/CLionProjects/untitled/Cents.h,,5,16,Changes
2023-05-03T17:12:20.018+09:00,user,KeyEvent,116:84:0,untitled,Editor,C:/Users/user/CLionProjects/untitled/Cents.h,,5,17,Changes
2023-05-03T17:12:21.312+09:00,user,Action,EditorRight,untitled,Editor,C:/Users/user/CLionProjects/untitled/Cents.h,,5,18,Changes
2023-05-03T17:12:21.315+09:00,user,KeyEvent,65535:39:0,untitled,Editor,C:/Users/user/CLionProjects/untitled/Cents.h,,5,19,Changes
2023-05-03T17:12:22.451+09:00,user,KeyEvent,65535:16:1,untitled,Editor,C:/Users/user/CLionProjects/untitled/Cents.h,,5,19,Changes
2023-05-03T17:12:22.517+09:00,user,KeyEvent,58:59:1,untitled,Editor,C:/Users/user/CLionProjects/untitled/Cents.h,,5,19,Changes
2023-05-03T17:12:22.854+09:00,user,KeyEvent,32:32:0,untitled,Editor,C:/Users/user/CLionProjects/untitled/Cents.h,,5,20,Changes
2023-05-03T17:12:23.205+09:00,user,KeyEvent,99:67:0,untitled,Editor,C:/Users/user/CLionProjects/untitled/Cents.h,,5,21,Changes
2023-05-03T17:12:23.320+09:00,user,KeyEvent,101:69:0,untitled,Editor,C:/Users/user/CLionProjects/untitled/Cents.h,,5,22,Changes
2023-05-03T17:12:23.442+09:00,user,KeyEvent,110:78:0,untitled,Editor,C:/Users/user/CLionProjects/untitled/Cents.h,,5,23,Changes
2023-05-03T17:12:23.555+09:00,user,KeyEvent,116:84:0,untitled,Editor,C:/Users/user/CLionProjects/untitled/Cents.h,,5,24,Changes
2023-05-03T17:12:23.978+09:00,user,KeyEvent,65535:16:1,untitled,Editor,C:/Users/user/CLionProjects/untitled/Cents.h,,5,25,Changes
2023-05-03T17:12:24.138+09:00,user,KeyEvent,40:57:1,untitled,Editor,C:/Users/user/CLionProjects/untitled/Cents.h,,5,25,Changes
2023-05-03T17:12:24.792+09:00,user,KeyEvent,99:67:0,untitled,Editor,C:/Users/user/CLionProjects/untitled/Cents.h,,5,26,Changes
2023-05-03T17:12:24.946+09:00,user,KeyEvent,101:69:0,untitled,Editor,C:/Users/user/CLionProjects/untitled/Cents.h,,5,27,Changes
2023-05-03T17:12:25.019+09:00,user,KeyEvent,110:78:0,untitled,Editor,C:/Users/user/CLionProjects/untitled/Cents.h,,5,28,Changes
2023-05-03T17:12:25.113+09:00,user,KeyEvent,116:84:0,untitled,Editor,C:/Users/user/CLionProjects/untitled/Cents.h,,5,29,Changes
2023-05-03T17:12:25.651+09:00,user,Action,EditorRight,untitled,Editor,C:/Users/user/CLionProjects/untitled/Cents.h,,5,30,Changes
2023-05-03T17:12:25.653+09:00,user,KeyEvent,65535:39:0,untitled,Editor,C:/Users/user/CLionProjects/untitled/Cents.h,,5,31,Changes
2023-05-03T17:12:26.118+09:00,user,KeyEvent,65535:16:1,untitled,Editor,C:/Users/user/CLionProjects/untitled/Cents.h,,5,31,Changes
2023-05-03T17:12:26.617+09:00,user,KeyEvent,65535:16:1,untitled,Editor,C:/Users/user/CLionProjects/untitled/Cents.h,,5,31,Changes
2023-05-03T17:12:26.644+09:00,user,KeyEvent,65535:16:1,untitled,Editor,C:/Users/user/CLionProjects/untitled/Cents.h,,5,31,Changes
2023-05-03T17:12:26.677+09:00,user,KeyEvent,65535:16:1,untitled,Editor,C:/Users/user/CLionProjects/untitled/Cents.h,,5,31,Changes
2023-05-03T17:12:26.707+09:00,user,KeyEvent,65535:16:1,untitled,Editor,C:/Users/user/CLionProjects/untitled/Cents.h,,5,31,Changes
2023-05-03T17:12:26.736+09:00,user,KeyEvent,65535:16:1,untitled,Editor,C:/Users/user/CLionProjects/untitled/Cents.h,,5,31,Changes
2023-05-03T17:12:26.767+09:00,user,KeyEvent,65535:16:1,untitled,Editor,C:/Users/user/CLionProjects/untitled/Cents.h,,5,31,Changes
2023-05-03T17:12:26.797+09:00,user,KeyEvent,65535:16:1,untitled,Editor,C:/Users/user/CLionProjects/untitled/Cents.h,,5,31,Changes
2023-05-03T17:12:26.827+09:00,user,KeyEvent,65535:16:1,untitled,Editor,C:/Users/user/CLionProjects/untitled/Cents.h,,5,31,Changes
2023-05-03T17:12:26.857+09:00,user,KeyEvent,65535:16:1,untitled,Editor,C:/Users/user/CLionProjects/untitled/Cents.h,,5,31,Changes
2023-05-03T17:12:26.887+09:00,user,KeyEvent,65535:16:1,untitled,Editor,C:/Users/user/CLionProjects/untitled/Cents.h,,5,31,Changes
2023-05-03T17:12:26.916+09:00,user,KeyEvent,65535:16:1,untitled,Editor,C:/Users/user/CLionProjects/untitled/Cents.h,,5,31,Changes
2023-05-03T17:12:26.947+09:00,user,KeyEvent,65535:16:1,untitled,Editor,C:/Users/user/CLionProjects/untitled/Cents.h,,5,31,Changes
2023-05-03T17:12:27.039+09:00,user,KeyEvent,65535:16:1,untitled,Editor,C:/Users/user/CLionProjects/untitled/Cents.h,,5,31,Changes
2023-05-03T17:12:27.067+09:00,user,KeyEvent,65535:16:1,untitled,Editor,C:/Users/user/CLionProjects/untitled/Cents.h,,5,31,Changes
2023-05-03T17:12:27.096+09:00,user,KeyEvent,65535:16:1,untitled,Editor,C:/Users/user/CLionProjects/untitled/Cents.h,,5,31,Changes
2023-05-03T17:12:27.126+09:00,user,KeyEvent,65535:16:1,untitled,Editor,C:/Users/user/CLionProjects/untitled/Cents.h,,5,31,Changes
2023-05-03T17:12:27.156+09:00,user,KeyEvent,65535:16:1,untitled,Editor,C:/Users/user/CLionProjects/untitled/Cents.h,,5,31,Changes
2023-05-03T17:12:27.186+09:00,user,KeyEvent,65535:16:1,untitled,Editor,C:/Users/user/CLionProjects/untitled/Cents.h,,5,31,Changes
2023-05-03T17:12:27.216+09:00,user,KeyEvent,65535:16:1,untitled,Editor,C:/Users/user/CLionProjects/untitled/Cents.h,,5,31,Changes
2023-05-03T17:12:27.247+09:00,user,KeyEvent,65535:16:1,untitled,Editor,C:/Users/user/CLionProjects/untitled/Cents.h,,5,31,Changes
2023-05-03T17:12:27.276+09:00,user,KeyEvent,65535:16:1,untitled,Editor,C:/Users/user/CLionProjects/untitled/Cents.h,,5,31,Changes
2023-05-03T17:12:27.858+09:00,user,KeyEvent,65535:16:1,untitled,Editor,C:/Users/user/CLionProjects/untitled/Cents.h,,5,31,Changes
2023-05-03T17:12:27.974+09:00,user,KeyEvent,123:91:1,untitled,Editor,C:/Users/user/CLionProjects/untitled/Cents.h,,5,31,Changes
2023-05-03T17:12:29.266+09:00,user,Action,EditorRight,untitled,Editor,C:/Users/user/CLionProjects/untitled/Cents.h,,5,32,Changes
2023-05-03T17:12:29.267+09:00,user,KeyEvent,65535:39:0,untitled,Editor,C:/Users/user/CLionProjects/untitled/Cents.h,,5,33,Changes
2023-05-03T17:12:29.955+09:00,user,Action,EditorEnter,untitled,Editor,C:/Users/user/CLionProjects/untitled/Cents.h,,5,33,Changes
2023-05-03T17:12:29.961+09:00,user,KeyEvent,10:10:0,untitled,Editor,C:/Users/user/CLionProjects/untitled/Cents.h,,6,4,Changes
2023-05-03T17:12:31.332+09:00,user,KeyEvent,111:79:0,untitled,Editor,C:/Users/user/CLionProjects/untitled/Cents.h,,6,4,Changes
2023-05-03T17:12:31.718+09:00,user,KeyEvent,112:80:0,untitled,Editor,C:/Users/user/CLionProjects/untitled/Cents.h,,6,5,Changes
2023-05-03T17:12:31.858+09:00,user,KeyEvent,101:69:0,untitled,Editor,C:/Users/user/CLionProjects/untitled/Cents.h,,6,6,Changes
2023-05-03T17:12:32.002+09:00,user,KeyEvent,114:82:0,untitled,Editor,C:/Users/user/CLionProjects/untitled/Cents.h,,6,7,Changes
2023-05-03T17:12:32.224+09:00,user,KeyEvent,97:65:0,untitled,Editor,C:/Users/user/CLionProjects/untitled/Cents.h,,6,8,Changes
2023-05-03T17:12:32.710+09:00,user,KeyEvent,116:84:0,untitled,Editor,C:/Users/user/CLionProjects/untitled/Cents.h,,6,9,Changes
2023-05-03T17:12:32.807+09:00,user,KeyEvent,111:79:0,untitled,Editor,C:/Users/user/CLionProjects/untitled/Cents.h,,6,10,Changes
2023-05-03T17:12:32.892+09:00,user,KeyEvent,114:82:0,untitled,Editor,C:/Users/user/CLionProjects/untitled/Cents.h,,6,11,Changes
2023-05-03T17:12:33.091+09:00,user,KeyEvent,32:32:0,untitled,Editor,C:/Users/user/CLionProjects/untitled/Cents.h,,6,12,Changes
2023-05-03T17:12:34.003+09:00,user,KeyEvent,105:73:0,untitled,Editor,C:/Users/user/CLionProjects/untitled/Cents.h,,6,13,Changes
2023-05-03T17:12:34.058+09:00,user,KeyEvent,110:78:0,untitled,Editor,C:/Users/user/CLionProjects/untitled/Cents.h,,6,14,Changes
2023-05-03T17:12:34.193+09:00,user,KeyEvent,116:84:0,untitled,Editor,C:/Users/user/CLionProjects/untitled/Cents.h,,6,15,Changes
2023-05-03T17:12:34.909+09:00,user,KeyEvent,65535:16:1,untitled,Editor,C:/Users/user/CLionProjects/untitled/Cents.h,,6,16,Changes
2023-05-03T17:12:35.072+09:00,user,KeyEvent,40:57:1,untitled,Editor,C:/Users/user/CLionProjects/untitled/Cents.h,,6,16,Changes
2023-05-03T17:12:35.610+09:00,user,Action,EditorRight,untitled,Editor,C:/Users/user/CLionProjects/untitled/Cents.h,,6,17,Changes
2023-05-03T17:12:35.612+09:00,user,KeyEvent,65535:39:0,untitled,Editor,C:/Users/user/CLionProjects/untitled/Cents.h,,6,18,Changes
2023-05-03T17:12:35.892+09:00,user,KeyEvent,32:32:0,untitled,Editor,C:/Users/user/CLionProjects/untitled/Cents.h,,6,18,Changes
2023-05-03T17:12:36.052+09:00,user,KeyEvent,99:67:0,untitled,Editor,C:/Users/user/CLionProjects/untitled/Cents.h,,6,19,Changes
2023-05-03T17:12:36.118+09:00,user,KeyEvent,111:79:0,untitled,Editor,C:/Users/user/CLionProjects/untitled/Cents.h,,6,20,Changes
2023-05-03T17:12:36.218+09:00,user,KeyEvent,110:78:0,untitled,Editor,C:/Users/user/CLionProjects/untitled/Cents.h,,6,21,Changes
2023-05-03T17:12:36.263+09:00,user,KeyEvent,115:83:0,untitled,Editor,C:/Users/user/CLionProjects/untitled/Cents.h,,6,22,Changes
2023-05-03T17:12:36.392+09:00,user,KeyEvent,116:84:0,untitled,Editor,C:/Users/user/CLionProjects/untitled/Cents.h,,6,23,Changes
2023-05-03T17:12:36.848+09:00,user,KeyEvent,65535:16:1,untitled,Editor,C:/Users/user/CLionProjects/untitled/Cents.h,,6,24,Changes
2023-05-03T17:12:36.978+09:00,user,KeyEvent,123:91:1,untitled,Editor,C:/Users/user/CLionProjects/untitled/Cents.h,,6,24,Changes
2023-05-03T17:12:37.638+09:00,user,Action,EditorEnter,untitled,Editor,C:/Users/user/CLionProjects/untitled/Cents.h,,6,25,Changes
2023-05-03T17:12:37.657+09:00,user,KeyEvent,10:10:0,untitled,Editor,C:/Users/user/CLionProjects/untitled/Cents.h,,7,8,Changes
2023-05-03T17:12:37.814+09:00,user,KeyEvent,114:82:0,untitled,Editor,C:/Users/user/CLionProjects/untitled/Cents.h,,7,8,Changes
2023-05-03T17:12:37.978+09:00,user,KeyEvent,101:69:0,untitled,Editor,C:/Users/user/CLionProjects/untitled/Cents.h,,7,9,Changes
2023-05-03T17:12:38.114+09:00,user,KeyEvent,116:84:0,untitled,Editor,C:/Users/user/CLionProjects/untitled/Cents.h,,7,10,Changes
2023-05-03T17:12:38.169+09:00,user,KeyEvent,117:85:0,untitled,Editor,C:/Users/user/CLionProjects/untitled/Cents.h,,7,11,Changes
2023-05-03T17:12:38.312+09:00,user,KeyEvent,114:82:0,untitled,Editor,C:/Users/user/CLionProjects/untitled/Cents.h,,7,12,Changes
2023-05-03T17:12:38.442+09:00,user,KeyEvent,110:78:0,untitled,Editor,C:/Users/user/CLionProjects/untitled/Cents.h,,7,13,Changes
2023-05-03T17:12:39.322+09:00,user,KeyEvent,32:32:0,untitled,Editor,C:/Users/user/CLionProjects/untitled/Cents.h,,7,14,Changes
2023-05-03T17:12:42.991+09:00,user,KeyEvent,99:67:0,untitled,Editor,C:/Users/user/CLionProjects/untitled/Cents.h,,7,15,Changes
2023-05-03T17:12:43.126+09:00,user,KeyEvent,101:69:0,untitled,Editor,C:/Users/user/CLionProjects/untitled/Cents.h,,7,16,Changes
2023-05-03T17:12:43.727+09:00,user,KeyEvent,110:78:0,untitled,Editor,C:/Users/user/CLionProjects/untitled/Cents.h,,7,17,Changes
2023-05-03T17:12:43.812+09:00,user,KeyEvent,116:84:0,untitled,Editor,C:/Users/user/CLionProjects/untitled/Cents.h,,7,18,Changes
2023-05-03T17:12:44.333+09:00,user,KeyEvent,59:59:0,untitled,Editor,C:/Users/user/CLionProjects/untitled/Cents.h,,7,19,Changes
2023-05-03T17:12:50.672+09:00,user,Action,Run,untitled,Editor,C:/Users/user/CLionProjects/untitled/main.cpp,,5,32,Changes
2023-05-03T17:12:52.021+09:00,user,Execution,Run:'CMake Application: untitled':C:\Users\user\CLionProjects\untitled\cmake-build-debug\untitled.exe,untitled,Editor,C:/Users/user/CLionProjects/untitled/main.cpp,,5,32,Changes
